codigo,anio,mes,demanda_total,n_ots,precio_unitario_promedio,km_promedio,marca,stock_actual,stock_minimo,stock_maximo,fecha
01001-01001,2024,2,5.0,1,49.5,73427.0,WOLVER,0.0,0.0,0.0,2024-02-01
01001-01001,2024,3,42.0,9,54.434444444444445,39317.11111111111,WOLVER,0.0,0.0,0.0,2024-03-01
01001-01001,2024,4,41.0,8,56.66875,59735.375,WOLVER,0.0,0.0,0.0,2024-04-01
01001-01001,2024,5,24.0,4,56.665,53567.25,WOLVER,0.0,0.0,0.0,2024-05-01
01001-01001,2024,6,30.0,7,56.66857142857143,56368.857142857145,WOLVER,0.0,0.0,0.0,2024-06-01
01001-01001,2024,7,53.0,10,56.669000000000004,59459.2,WOLVER,0.0,0.0,0.0,2024-07-01
01001-01001,2024,8,63.0,11,57.23818181818182,57118.90909090909,WOLVER,0.0,0.0,0.0,2024-08-01
01001-01001,2024,9,26.0,5,56.65999999999999,61236.0,WOLVER,0.0,0.0,0.0,2024-09-01
01001-01001,2024,10,11.0,2,56.66,64942.5,WOLVER,0.0,0.0,0.0,2024-10-01
01001-01001,2024,12,6.0,1,56.66,71377.0,WOLVER,0.0,0.0,0.0,2024-12-01
01001-01001,2025,1,50.5,9,55.864444444444445,72211.22222222222,WOLVER,0.0,0.0,0.0,2025-01-01
01001-01001,2025,2,17.0,3,56.66,77723.33333333333,WOLVER,0.0,0.0,0.0,2025-02-01
01001-01001,2025,3,24.0,4,58.745,75774.25,WOLVER,0.0,0.0,0.0,2025-03-01
01001-01001,2025,4,31.0,5,56.65999999999999,59538.2,WOLVER,0.0,0.0,0.0,2025-04-01
01001-01001,2025,5,19.0,3,56.66,42741.666666666664,WOLVER,0.0,0.0,0.0,2025-05-01
01001-01001,2025,6,6.0,1,66.86,97417.0,WOLVER,0.0,0.0,0.0,2025-06-01
01001-01001,2025,8,6.0,1,56.66,51278.0,WOLVER,0.0,0.0,0.0,2025-08-01
01001-01001,2025,9,26.0,4,56.66,92360.25,WOLVER,0.0,0.0,0.0,2025-09-01
01001-01001,2025,10,11.0,2,56.66,66479.5,WOLVER,0.0,0.0,0.0,2025-10-01
01001-01001,2025,11,19.0,3,56.66,85296.66666666667,WOLVER,0.0,0.0,0.0,2025-11-01
01001-01001,2025,12,7.0,1,56.66,81225.0,WOLVER,0.0,0.0,0.0,2025-12-01
01001-01001,2026,1,29.0,5,56.65999999999999,150853.0,WOLVER,0.0,0.0,0.0,2026-01-01
01001-01001,2026,2,42.0,7,57.137142857142855,82355.28571428571,WOLVER,0.0,0.0,0.0,2026-02-01
01001-01001,2026,3,17.0,3,56.66,47783.0,WOLVER,0.0,0.0,0.0,2026-03-01
01001-01001,2026,4,12.0,2,56.66,85027.0,WOLVER,0.0,0.0,0.0,2026-04-01
01001-01001,2026,5,19.5,4,55.769999999999996,62395.75,WOLVER,0.0,0.0,0.0,2026-05-01
01001-01002,2024,2,5.0,1,42.29,132586.0,SIN MARCA,3.5,0.0,0.0,2024-02-01
01001-01002,2024,3,17.0,3,53.88666666666666,96499.33333333333,SIN MARCA,3.5,0.0,0.0,2024-03-01
01001-01002,2024,4,27.0,5,45.0,143614.8,SIN MARCA,3.5,0.0,0.0,2024-04-01
01001-01002,2024,5,10.5,2,52.18,126082.5,SIN MARCA,3.5,0.0,0.0,2024-05-01
01001-01002,2024,6,10.0,2,47.25,151041.5,SIN MARCA,3.5,0.0,0.0,2024-06-01
01001-01002,2024,7,15.0,3,48.0,88528.66666666667,SIN MARCA,3.5,0.0,0.0,2024-07-01
01001-01002,2024,8,23.0,4,46.125,146464.5,SIN MARCA,3.5,0.0,0.0,2024-08-01
01001-01002,2024,9,20.0,4,47.915,114129.0,SIN MARCA,3.5,0.0,0.0,2024-09-01
01001-01002,2024,10,10.0,2,50.83,135956.5,SIN MARCA,3.5,0.0,0.0,2024-10-01
01001-01002,2024,11,15.0,3,45.0,127352.66666666667,SIN MARCA,3.5,0.0,0.0,2024-11-01
01001-01002,2025,1,19.0,3,45.0,120647.33333333333,SIN MARCA,3.5,0.0,0.0,2025-01-01
01001-01002,2025,3,15.0,3,45.0,110410.33333333333,SIN MARCA,3.5,0.0,0.0,2025-03-01
01001-01002,2025,4,7.0,1,45.0,96387.0,SIN MARCA,3.5,0.0,0.0,2025-04-01
01001-01002,2025,5,25.2,5,47.32,120801.8,SIN MARCA,3.5,0.0,0.0,2025-05-01
01001-01002,2025,6,5.0,1,45.0,116651.0,SIN MARCA,3.5,0.0,0.0,2025-06-01
01001-01002,2025,7,9.0,2,45.0,104512.0,SIN MARCA,3.5,0.0,0.0,2025-07-01
01001-01002,2025,8,10.0,2,40.0,156255.5,SIN MARCA,3.5,0.0,0.0,2025-08-01
01001-01002,2025,9,5.0,1,45.0,175712.0,SIN MARCA,3.5,0.0,0.0,2025-09-01
01001-01002,2025,10,20.0,4,45.0,125421.75,SIN MARCA,3.5,0.0,0.0,2025-10-01
01001-01002,2025,12,24.0,4,45.0,152072.25,SIN MARCA,3.5,0.0,0.0,2025-12-01
01001-01002,2026,1,5.0,1,45.0,129464.0,SIN MARCA,3.5,0.0,0.0,2026-01-01
01001-01002,2026,5,7.0,1,45.0,116532.0,SIN MARCA,3.5,0.0,0.0,2026-05-01
01001-01003,2024,2,2.0,2,65.0,107620.0,HONDA 50/50 TYPE 2,0.0,0.0,0.0,2024-02-01
01001-01003,2024,9,2.0,1,80.0,155959.0,HONDA 50/50 TYPE 2,0.0,0.0,0.0,2024-09-01
01001-01003,2024,10,2.0,2,65.0,169278.0,HONDA 50/50 TYPE 2,0.0,0.0,0.0,2024-10-01
01001-01003,2025,2,1.0,1,65.0,99513.0,HONDA 50/50 TYPE 2,0.0,0.0,0.0,2025-02-01
01001-01003,2025,3,4.0,3,110.83333333333333,145616.66666666666,HONDA 50/50 TYPE 2,0.0,0.0,0.0,2025-03-01
01001-01003,2025,4,3.0,3,171.0,83320.0,HONDA 50/50 TYPE 2,0.0,0.0,0.0,2025-04-01
01001-01003,2025,5,3.0,3,100.33333333333333,61205.0,HONDA 50/50 TYPE 2,0.0,0.0,0.0,2025-05-01
01001-01003,2026,2,1.0,1,171.0,159323.0,HONDA 50/50 TYPE 2,0.0,0.0,0.0,2026-02-01
01001-01004,2024,2,4.0,4,7.0,123170.75,SIN MARCA,48.0,0.0,0.0,2024-02-01
01001-01004,2024,3,21.0,21,7.0476190476190474,63568.52380952381,SIN MARCA,48.0,0.0,0.0,2024-03-01
01001-01004,2024,4,17.0,17,7.205882352941177,92155.0,SIN MARCA,48.0,0.0,0.0,2024-04-01
01001-01004,2024,5,8.0,8,7.4375,80650.125,SIN MARCA,48.0,0.0,0.0,2024-05-01
01001-01004,2024,6,10.0,10,7.7,86199.4,SIN MARCA,48.0,0.0,0.0,2024-06-01
01001-01004,2024,7,14.0,14,8.642857142857142,79900.14285714286,SIN MARCA,48.0,0.0,0.0,2024-07-01
01001-01004,2024,8,17.0,17,9.382352941176471,74904.05882352941,SIN MARCA,48.0,0.0,0.0,2024-08-01
01001-01004,2024,9,20.0,20,9.5,79079.1,SIN MARCA,48.0,0.0,0.0,2024-09-01
01001-01004,2024,10,7.0,7,9.5,94957.57142857143,SIN MARCA,48.0,0.0,0.0,2024-10-01
01001-01004,2024,11,16.0,16,9.5,78820.3125,SIN MARCA,48.0,0.0,0.0,2024-11-01
01001-01004,2024,12,15.0,15,9.5,81678.46666666666,SIN MARCA,48.0,0.0,0.0,2024-12-01
01001-01004,2025,1,24.0,24,9.5,92502.0,SIN MARCA,48.0,0.0,0.0,2025-01-01
01001-01004,2025,2,16.0,16,9.5,80101.4375,SIN MARCA,48.0,0.0,0.0,2025-02-01
01001-01004,2025,3,18.0,18,9.5,111188.94444444444,SIN MARCA,48.0,0.0,0.0,2025-03-01
01001-01004,2025,4,20.0,20,9.5,77598.75,SIN MARCA,48.0,0.0,0.0,2025-04-01
01001-01004,2025,5,19.0,19,9.5,85198.47368421052,SIN MARCA,48.0,0.0,0.0,2025-05-01
01001-01004,2025,6,16.0,16,9.5,102317.5,SIN MARCA,48.0,0.0,0.0,2025-06-01
01001-01004,2025,7,11.0,11,9.5,92298.81818181818,SIN MARCA,48.0,0.0,0.0,2025-07-01
01001-01004,2025,8,11.0,11,9.5,59196.545454545456,SIN MARCA,48.0,0.0,0.0,2025-08-01
01001-01004,2025,9,11.0,11,9.5,97460.09090909091,SIN MARCA,48.0,0.0,0.0,2025-09-01
01001-01004,2025,10,14.0,14,9.5,102247.14285714286,SIN MARCA,48.0,0.0,0.0,2025-10-01
01001-01004,2025,11,18.0,18,9.5,75411.05555555556,SIN MARCA,48.0,0.0,0.0,2025-11-01
01001-01004,2025,12,19.0,19,9.5,76315.68421052632,SIN MARCA,48.0,0.0,0.0,2025-12-01
01001-01004,2026,1,18.0,18,9.5,104331.33333333333,SIN MARCA,48.0,0.0,0.0,2026-01-01
01001-01004,2026,2,24.0,24,9.5,92667.375,SIN MARCA,48.0,0.0,0.0,2026-02-01
01001-01004,2026,3,10.0,10,9.5,60662.7,SIN MARCA,48.0,0.0,0.0,2026-03-01
01001-01004,2026,4,18.0,18,9.5,85240.38888888889,SIN MARCA,48.0,0.0,0.0,2026-04-01
01001-01004,2026,5,14.0,14,9.5,84269.14285714286,SIN MARCA,48.0,0.0,0.0,2026-05-01
01001-01005,2024,3,3.0,1,41.96,143517.0,HONDA,9.0,0.0,0.0,2024-03-01
01001-01005,2024,4,1.0,1,41.96,73123.0,HONDA,9.0,0.0,0.0,2024-04-01
01001-01005,2024,5,6.0,2,41.96,157326.0,HONDA,9.0,0.0,0.0,2024-05-01
01001-01005,2024,8,3.0,1,60.0,138480.0,HONDA,9.0,0.0,0.0,2024-08-01
01001-01005,2024,9,5.0,1,80.0,121154.0,HONDA,9.0,0.0,0.0,2024-09-01
01001-01005,2024,11,4.0,2,60.0,128220.0,HONDA,9.0,0.0,0.0,2024-11-01
01001-01005,2024,12,1.0,1,60.0,1.0,HONDA,9.0,0.0,0.0,2024-12-01
01001-01005,2025,2,3.0,1,60.0,105124.0,HONDA,9.0,0.0,0.0,2025-02-01
01001-01005,2025,3,8.0,2,60.0,134943.0,HONDA,9.0,0.0,0.0,2025-03-01
01001-01005,2025,5,10.0,3,60.0,142569.33333333334,HONDA,9.0,0.0,0.0,2025-05-01
01001-01005,2025,7,2.0,1,60.0,48145.0,HONDA,9.0,0.0,0.0,2025-07-01
01001-01005,2025,8,3.0,1,60.0,175990.0,HONDA,9.0,0.0,0.0,2025-08-01
01001-01005,2026,4,8.0,2,60.0,127131.0,HONDA,9.0,0.0,0.0,2026-04-01
01001-01005,2026,5,4.0,1,60.0,123250.0,HONDA,9.0,0.0,0.0,2026-05-01
01001-01006,2024,2,2.0,2,45.0,73427.0,SIN MARCA,4.0,0.0,0.0,2024-02-01
01001-01006,2024,3,9.0,3,45.0,49629.333333333336,SIN MARCA,4.0,0.0,0.0,2024-03-01
01001-01006,2024,4,2.0,2,45.0,63196.5,SIN MARCA,4.0,0.0,0.0,2024-04-01
01001-01006,2024,7,7.0,3,50.0,105632.66666666667,SIN MARCA,4.0,0.0,0.0,2024-07-01
01001-01006,2024,8,5.0,4,46.0,75925.5,SIN MARCA,4.0,0.0,0.0,2024-08-01
01001-01006,2024,9,8.0,3,45.0,77471.66666666667,SIN MARCA,4.0,0.0,0.0,2024-09-01
01001-01006,2024,10,8.0,4,45.0,94808.0,SIN MARCA,4.0,0.0,0.0,2024-10-01
01001-01006,2024,11,5.0,5,45.0,72098.0,SIN MARCA,4.0,0.0,0.0,2024-11-01
01001-01006,2024,12,8.0,5,45.0,83090.4,SIN MARCA,4.0,0.0,0.0,2024-12-01
01001-01006,2025,1,8.0,4,45.0,102560.0,SIN MARCA,4.0,0.0,0.0,2025-01-01
01001-01006,2025,3,3.0,1,45.0,44314.0,SIN MARCA,4.0,0.0,0.0,2025-03-01
01001-01006,2025,8,4.0,2,45.0,52231.0,SIN MARCA,4.0,0.0,0.0,2025-08-01
01001-01006,2025,11,6.0,2,45.0,152147.0,SIN MARCA,4.0,0.0,0.0,2025-11-01
01001-01006,2026,1,8.0,4,45.0,78300.5,SIN MARCA,4.0,0.0,0.0,2026-01-01
01001-01006,2026,2,3.0,1,45.0,83700.0,SIN MARCA,4.0,0.0,0.0,2026-02-01
01001-01006,2026,3,5.0,2,45.0,75400.0,SIN MARCA,4.0,0.0,0.0,2026-03-01
01001-01006,2026,4,2.0,1,45.0,90985.0,SIN MARCA,4.0,0.0,0.0,2026-04-01
01001-01006,2026,5,2.0,1,45.0,89113.0,SIN MARCA,4.0,0.0,0.0,2026-05-01
01001-01007,2025,5,3.0,1,114.41,97660.0,SIN MARCA,0.0,0.0,0.0,2025-05-01
01001-01007,2025,10,4.0,1,114.41,100011.0,SIN MARCA,0.0,0.0,0.0,2025-10-01
01001-01007,2025,11,4.0,1,114.41,100723.0,SIN MARCA,0.0,0.0,0.0,2025-11-01
01001-01007,2026,3,4.0,2,114.41,103119.0,SIN MARCA,0.0,0.0,0.0,2026-03-01
01001-010078,2025,1,9.0,3,45.0,76291.66666666667,MAXX POWER BLUECHEM,0.0,0.0,0.0,2025-01-01
01001-010078,2025,2,10.0,7,45.0,86382.42857142857,MAXX POWER BLUECHEM,0.0,0.0,0.0,2025-02-01
01001-010078,2025,3,3.0,3,45.0,83655.33333333333,MAXX POWER BLUECHEM,0.0,0.0,0.0,2025-03-01
01001-010078,2025,4,9.0,6,37.333333333333336,110306.16666666667,MAXX POWER BLUECHEM,0.0,0.0,0.0,2025-04-01
01001-010078,2025,5,3.0,2,45.0,55154.0,MAXX POWER BLUECHEM,0.0,0.0,0.0,2025-05-01
01001-010078,2025,6,6.0,3,47.699999999999996,97406.66666666667,MAXX POWER BLUECHEM,0.0,0.0,0.0,2025-06-01
01001-010078,2025,7,4.0,2,45.0,129119.5,MAXX POWER BLUECHEM,0.0,0.0,0.0,2025-07-01
01001-010078,2025,8,1.0,1,45.0,58562.0,MAXX POWER BLUECHEM,0.0,0.0,0.0,2025-08-01
01001-010078,2025,9,4.0,4,45.0,60493.75,MAXX POWER BLUECHEM,0.0,0.0,0.0,2025-09-01
01001-010078,2025,10,2.0,1,45.0,80147.0,MAXX POWER BLUECHEM,0.0,0.0,0.0,2025-10-01
01001-010078,2025,12,3.0,2,45.0,87465.5,MAXX POWER BLUECHEM,0.0,0.0,0.0,2025-12-01
01001-010078,2026,1,5.0,3,45.0,121297.66666666667,MAXX POWER BLUECHEM,0.0,0.0,0.0,2026-01-01
01001-010078,2026,2,1.0,1,45.0,78332.0,MAXX POWER BLUECHEM,0.0,0.0,0.0,2026-02-01
01001-010078,2026,3,12.0,5,45.0,89819.6,MAXX POWER BLUECHEM,0.0,0.0,0.0,2026-03-01
01001-010078,2026,4,9.0,6,45.0,88902.83333333333,MAXX POWER BLUECHEM,0.0,0.0,0.0,2026-04-01
01001-010078,2026,5,8.0,5,45.0,156389.6,MAXX POWER BLUECHEM,0.0,0.0,0.0,2026-05-01
01001-01008,2024,2,5.0,1,41.5,143335.0,SIN MARCA,13.0,0.0,0.0,2024-02-01
01001-01008,2024,4,6.0,1,45.0,133136.0,SIN MARCA,13.0,0.0,0.0,2024-04-01
01001-01008,2024,5,15.0,3,45.0,125000.66666666667,SIN MARCA,13.0,0.0,0.0,2024-05-01
01001-01008,2024,6,3.0,2,45.0,107134.0,SIN MARCA,13.0,0.0,0.0,2024-06-01
01001-01008,2024,8,5.5,2,50.83,103867.0,SIN MARCA,13.0,0.0,0.0,2024-08-01
01001-01008,2024,10,10.0,2,45.0,112979.0,SIN MARCA,13.0,0.0,0.0,2024-10-01
01001-01008,2025,2,5.0,1,45.0,119124.0,SIN MARCA,13.0,0.0,0.0,2025-02-01
01001-01008,2025,3,8.0,2,45.0,119887.5,SIN MARCA,13.0,0.0,0.0,2025-03-01
01001-01008,2025,4,3.5,2,45.0,114751.0,SIN MARCA,13.0,0.0,0.0,2025-04-01
01001-01008,2025,5,4.0,1,45.0,124703.0,SIN MARCA,13.0,0.0,0.0,2025-05-01
01001-01008,2025,6,18.0,3,45.0,127464.0,SIN MARCA,13.0,0.0,0.0,2025-06-01
01001-01008,2025,11,5.0,1,45.0,66657.0,SIN MARCA,13.0,0.0,0.0,2025-11-01
01001-01008,2026,3,5.0,1,48.0,74155.0,SIN MARCA,13.0,0.0,0.0,2026-03-01
01001-01009,2024,3,1.0,1,66.0,66656.0,SIN MARCA,0.0,0.0,0.0,2024-03-01
01001-01009,2024,9,10.0,2,80.0,60578.0,SIN MARCA,0.0,0.0,0.0,2024-09-01
01001-01009,2024,11,1.0,1,80.0,90246.0,SIN MARCA,0.0,0.0,0.0,2024-11-01
01001-01009,2025,3,4.0,1,80.0,117533.0,SIN MARCA,0.0,0.0,0.0,2025-03-01
01001-01010,2024,3,12.0,2,60.005,58251.5,SIN MARCA,0.0,0.0,0.0,2024-03-01
01001-01011,2024,3,9.0,1,75.0,115988.0,SIN MARCA,0.0,0.0,0.0,2024-03-01
01001-01011,2024,5,1.0,1,78.0,93750.0,SIN MARCA,0.0,0.0,0.0,2024-05-01
01001-01011,2025,6,2.0,1,79.5,294233.0,SIN MARCA,0.0,0.0,0.0,2025-06-01
01001-01012,2024,3,8.0,2,132.0,143517.0,HONDA,2.0,0.0,0.0,2024-03-01
01001-01012,2024,5,3.0,3,132.0,106168.66666666667,HONDA,2.0,0.0,0.0,2024-05-01
01001-01012,2024,9,4.0,1,140.0,82075.0,HONDA,2.0,0.0,0.0,2024-09-01
01001-01012,2024,11,4.0,1,132.0,76322.0,HONDA,2.0,0.0,0.0,2024-11-01
01001-01012,2024,12,12.0,2,140.0,59261.0,HONDA,2.0,0.0,0.0,2024-12-01
01001-01012,2025,2,5.0,1,140.0,81912.0,HONDA,2.0,0.0,0.0,2025-02-01
01001-01012,2025,3,23.0,3,113.33333333333333,104548.66666666667,HONDA,2.0,0.0,0.0,2025-03-01
01001-01012,2025,4,4.0,1,85.0,172273.0,HONDA,2.0,0.0,0.0,2025-04-01
01001-01012,2025,5,3.0,1,140.0,152726.0,HONDA,2.0,0.0,0.0,2025-05-01
01001-01012,2025,6,4.0,1,140.0,42250.0,HONDA,2.0,0.0,0.0,2025-06-01
01001-01012,2025,8,5.0,1,140.0,73318.0,HONDA,2.0,0.0,0.0,2025-08-01
01001-01012,2025,11,5.0,1,140.0,50426.0,HONDA,2.0,0.0,0.0,2025-11-01
01001-01012,2026,3,6.0,1,140.0,103119.0,HONDA,2.0,0.0,0.0,2026-03-01
01001-01012,2026,4,3.0,1,140.0,134932.0,HONDA,2.0,0.0,0.0,2026-04-01
01001-01013,2024,3,0.5,1,99.0,10724.0,REPSOL 5LT. 50%,0.0,0.0,0.0,2024-03-01
01001-01013,2025,6,1.0,1,99.0,113861.0,REPSOL 5LT. 50%,0.0,0.0,0.0,2025-06-01
01001-01013,2025,11,2.0,2,99.0,98803.0,REPSOL 5LT. 50%,0.0,0.0,0.0,2025-11-01
01001-01014,2024,3,6.0,1,132.0,59832.0,HCF-2 HONDA RODOLFO,6.0,0.0,0.0,2024-03-01
01001-01014,2025,2,5.0,1,96.86,38401.0,HCF-2 HONDA RODOLFO,6.0,0.0,0.0,2025-02-01
01001-01014,2025,3,9.0,1,78.0,117533.0,HCF-2 HONDA RODOLFO,6.0,0.0,0.0,2025-03-01
01001-01014,2025,7,4.0,1,96.86,67753.0,HCF-2 HONDA RODOLFO,6.0,0.0,0.0,2025-07-01
01001-01015,2025,2,4.0,4,347.39,136465.75,VTM-4 HONDA RODOLFO,0.0,0.0,0.0,2025-02-01
01001-01015,2025,7,4.0,1,288.0,251370.0,VTM-4 HONDA RODOLFO,0.0,0.0,0.0,2025-07-01
01001-01016,2024,3,6.0,1,56.67,51846.0,WOLVER,21.0,0.0,0.0,2024-03-01
01001-01016,2024,4,12.0,2,56.665,56787.5,WOLVER,21.0,0.0,0.0,2024-04-01
01001-01016,2024,6,10.0,2,56.67,83303.0,WOLVER,21.0,0.0,0.0,2024-06-01
01001-01016,2024,7,12.0,2,62.335,63939.0,WOLVER,21.0,0.0,0.0,2024-07-01
01001-01016,2024,8,18.0,3,56.666666666666664,64097.666666666664,WOLVER,21.0,0.0,0.0,2024-08-01
01001-01016,2024,9,62.5,13,55.95538461538461,70741.53846153847,WOLVER,21.0,0.0,0.0,2024-09-01
01001-01016,2024,10,13.0,2,56.66,63432.0,WOLVER,21.0,0.0,0.0,2024-10-01
01001-01016,2024,11,14.5,3,56.66,45523.0,WOLVER,21.0,0.0,0.0,2024-11-01
01001-01016,2024,12,14.0,3,56.66,35940.666666666664,WOLVER,21.0,0.0,0.0,2024-12-01
01001-01016,2025,1,14.0,3,56.66,74482.0,WOLVER,21.0,0.0,0.0,2025-01-01
01001-01016,2025,2,13.0,2,56.66,68152.5,WOLVER,21.0,0.0,0.0,2025-02-01
01001-01016,2025,3,7.0,3,56.66,68954.33333333333,WOLVER,21.0,0.0,0.0,2025-03-01
01001-01016,2025,4,23.0,4,56.66,87416.75,WOLVER,21.0,0.0,0.0,2025-04-01
01001-01016,2025,6,17.0,3,56.66,94994.66666666667,WOLVER,21.0,0.0,0.0,2025-06-01
01001-01016,2025,9,14.0,3,52.77333333333333,58290.666666666664,WOLVER,21.0,0.0,0.0,2025-09-01
01001-01016,2025,10,11.0,3,56.66,112436.66666666667,WOLVER,21.0,0.0,0.0,2025-10-01
01001-01016,2025,11,25.0,4,53.745,65369.0,WOLVER,21.0,0.0,0.0,2025-11-01
01001-01016,2025,12,4.5,1,56.66,40568.0,WOLVER,21.0,0.0,0.0,2025-12-01
01001-01016,2026,1,13.0,2,56.66,75619.5,WOLVER,21.0,0.0,0.0,2026-01-01
01001-01016,2026,2,5.0,1,56.66,143155.0,WOLVER,21.0,0.0,0.0,2026-02-01
01001-01016,2026,3,6.0,1,63.0,27197.0,WOLVER,21.0,0.0,0.0,2026-03-01
01001-01016,2026,4,18.0,3,85.0,55217.0,WOLVER,21.0,0.0,0.0,2026-04-01
01001-01017,2024,3,1.0,1,140.0,51936.0,WURTH ROSADO 5 LIT,4.0,0.0,0.0,2024-03-01
01001-01017,2024,4,1.0,1,180.0,78897.0,WURTH ROSADO 5 LIT,4.0,0.0,0.0,2024-04-01
01001-01017,2024,10,1.0,1,132.64,87685.0,WURTH ROSADO 5 LIT,4.0,0.0,0.0,2024-10-01
01001-01017,2025,1,4.0,2,132.64,58637.0,WURTH ROSADO 5 LIT,4.0,0.0,0.0,2025-01-01
01001-01017,2025,4,1.0,1,132.64,144740.0,WURTH ROSADO 5 LIT,4.0,0.0,0.0,2025-04-01
01001-01017,2025,5,1.0,1,132.64,78835.0,WURTH ROSADO 5 LIT,4.0,0.0,0.0,2025-05-01
01001-01017,2025,6,2.0,2,157.64,48323.0,WURTH ROSADO 5 LIT,4.0,0.0,0.0,2025-06-01
01001-01017,2025,12,1.0,1,153.06,82791.0,WURTH ROSADO 5 LIT,4.0,0.0,0.0,2025-12-01
01001-01017,2026,3,1.0,1,153.06,74155.0,WURTH ROSADO 5 LIT,4.0,0.0,0.0,2026-03-01
01001-01017,2026,4,2.0,2,153.06,72480.0,WURTH ROSADO 5 LIT,4.0,0.0,0.0,2026-04-01
01001-01018,2024,4,4.0,1,39.2,128382.0,SIN MARCA,4.0,0.0,0.0,2024-04-01
01001-01018,2024,8,4.0,1,56.66,138480.0,SIN MARCA,4.0,0.0,0.0,2024-08-01
01001-01018,2024,9,4.0,1,39.2,128434.0,SIN MARCA,4.0,0.0,0.0,2024-09-01
01001-01019,2024,4,3.0,3,105.0,219307.33333333334,WURTH AZUL,0.0,0.0,0.0,2024-04-01
01001-01019,2025,3,1.0,1,110.0,214200.0,WURTH AZUL,0.0,0.0,0.0,2025-03-01
01001-01019,2025,5,1.5,2,110.0,184203.0,WURTH AZUL,0.0,0.0,0.0,2025-05-01
01001-01019,2025,7,1.0,1,110.0,129918.0,WURTH AZUL,0.0,0.0,0.0,2025-07-01
01001-01020,2024,5,1.0,1,132.66,1.0,MOTUL NARANJA,0.5,0.0,0.0,2024-05-01
01001-01020,2024,8,1.5,1,160.0,129469.0,MOTUL NARANJA,0.5,0.0,0.0,2024-08-01
01001-01020,2024,10,1.0,1,280.0,84793.0,MOTUL NARANJA,0.5,0.0,0.0,2024-10-01
01001-01021,2024,4,1.0,1,92.4,73123.0,SIN MARCA,0.0,0.0,0.0,2024-04-01
01001-01022,2024,5,6.0,1,46.67,49235.0,SIN MARCA,4.0,0.0,0.0,2024-05-01
01001-01022,2024,6,8.0,1,35.0,84226.0,SIN MARCA,4.0,0.0,0.0,2024-06-01
01001-01022,2024,8,15.0,3,37.333333333333336,105149.33333333333,SIN MARCA,4.0,0.0,0.0,2024-08-01
01001-01022,2024,9,19.0,3,39.666666666666664,147129.0,SIN MARCA,4.0,0.0,0.0,2024-09-01
01001-01022,2024,11,8.0,1,42.0,85566.0,SIN MARCA,4.0,0.0,0.0,2024-11-01
01001-01022,2024,12,6.0,1,42.0,64423.0,SIN MARCA,4.0,0.0,0.0,2024-12-01
01001-01022,2025,4,15.0,2,42.0,127439.0,SIN MARCA,4.0,0.0,0.0,2025-04-01
01001-01022,2025,5,37.0,5,42.0,102003.8,SIN MARCA,4.0,0.0,0.0,2025-05-01
01001-01022,2025,7,8.0,1,49.56,161812.0,SIN MARCA,4.0,0.0,0.0,2025-07-01
01001-01022,2025,8,14.0,2,42.0,92991.5,SIN MARCA,4.0,0.0,0.0,2025-08-01
01001-01022,2025,10,6.0,1,42.0,80218.0,SIN MARCA,4.0,0.0,0.0,2025-10-01
01001-01022,2025,12,8.0,1,42.0,110881.0,SIN MARCA,4.0,0.0,0.0,2025-12-01
01001-01022,2026,1,7.0,1,42.0,105740.0,SIN MARCA,4.0,0.0,0.0,2026-01-01
01001-01022,2026,2,13.0,2,42.0,89765.0,SIN MARCA,4.0,0.0,0.0,2026-02-01
01001-01022,2026,3,14.0,2,32.5,99959.5,SIN MARCA,4.0,0.0,0.0,2026-03-01
01001-01023,2024,6,1.0,1,85.0,139625.0,SIN MARCA,0.0,0.0,0.0,2024-06-01
01001-01023,2024,8,3.0,1,85.0,138480.0,SIN MARCA,0.0,0.0,0.0,2024-08-01
01001-01023,2026,5,1.0,1,46.0,320076.0,SIN MARCA,0.0,0.0,0.0,2026-05-01
01001-01024,2024,6,7.0,1,122.86,84146.0,SIN MARCA,13.0,0.0,0.0,2024-06-01
01001-01024,2024,11,6.0,1,102.1,93987.0,SIN MARCA,13.0,0.0,0.0,2024-11-01
01001-01025,2024,7,8.0,1,66.0,138199.0,SASH GLOBAL MULTI,4.0,0.0,0.0,2024-07-01
01001-01025,2025,4,6.0,1,67.87,82104.0,SASH GLOBAL MULTI,4.0,0.0,0.0,2025-04-01
01001-01026,2024,8,3.5,3,127.77666666666666,108102.0,PRESTONE ROJO 50/50 1 GL.,6.0,0.0,0.0,2024-08-01
01001-01026,2024,9,5.0,3,103.33333333333333,91126.66666666667,PRESTONE ROJO 50/50 1 GL.,6.0,0.0,0.0,2024-09-01
01001-01026,2024,10,2.0,1,91.12,84677.0,PRESTONE ROJO 50/50 1 GL.,6.0,0.0,0.0,2024-10-01
01001-01026,2024,11,1.0,1,91.12,127617.0,PRESTONE ROJO 50/50 1 GL.,6.0,0.0,0.0,2024-11-01
01001-01026,2024,12,2.0,1,75.0,90928.0,PRESTONE ROJO 50/50 1 GL.,6.0,0.0,0.0,2024-12-01
01001-01026,2025,4,1.0,1,91.12,114005.0,PRESTONE ROJO 50/50 1 GL.,6.0,0.0,0.0,2025-04-01
01001-01026,2025,7,1.0,1,110.18,89454.0,PRESTONE ROJO 50/50 1 GL.,6.0,0.0,0.0,2025-07-01
01001-01026,2025,8,5.0,3,110.18,83472.0,PRESTONE ROJO 50/50 1 GL.,6.0,0.0,0.0,2025-08-01
01001-01027,2024,8,3.0,1,85.0,138480.0,SIN MARCA,9.0,0.0,0.0,2024-08-01
01001-01028,2024,8,5.0,1,50.17,91485.0,SIN MARCA,0.0,0.0,0.0,2024-08-01
01001-01029,2024,8,3.0,1,44.06,129469.0,PLUSPART ROSADO 1.5 LIT,6.0,0.0,0.0,2024-08-01
01001-01029,2025,6,6.0,2,47.03,99333.0,PLUSPART ROSADO 1.5 LIT,6.0,0.0,0.0,2025-06-01
01001-01029,2025,11,1.0,1,50.0,225000.0,PLUSPART ROSADO 1.5 LIT,6.0,0.0,0.0,2025-11-01
01001-01031,2025,4,2.0,1,56.24,82148.0,PRESTONE,6.0,0.0,0.0,2025-04-01
01001-01032,2024,10,10.0,2,35.0,98129.0,HONDA,0.0,0.0,0.0,2024-10-01
01001-01032,2024,11,15.0,3,39.666666666666664,80284.33333333333,HONDA,0.0,0.0,0.0,2024-11-01
01001-01032,2024,12,37.0,8,40.5625,91010.375,HONDA,0.0,0.0,0.0,2024-12-01
01001-01032,2025,1,30.0,6,45.75,71910.16666666667,HONDA,0.0,0.0,0.0,2025-01-01
01001-01032,2025,2,51.0,10,46.166,87370.4,HONDA,0.0,0.0,0.0,2025-02-01
01001-01032,2025,3,43.0,8,43.75,122473.0,HONDA,0.0,0.0,0.0,2025-03-01
01001-01032,2025,4,44.0,8,45.0,61376.75,HONDA,0.0,0.0,0.0,2025-04-01
01001-01032,2025,5,52.5,10,45.0,82021.9,HONDA,0.0,0.0,0.0,2025-05-01
01001-01032,2025,6,54.0,10,45.0,92393.5,HONDA,0.0,0.0,0.0,2025-06-01
01001-01032,2025,7,56.0,11,45.0,94227.81818181818,HONDA,0.0,0.0,0.0,2025-07-01
01001-01032,2025,8,33.5,6,46.94333333333333,70961.5,HONDA,0.0,0.0,0.0,2025-08-01
01001-01032,2025,9,21.5,5,43.0,112437.6,HONDA,0.0,0.0,0.0,2025-09-01
01001-01032,2025,10,15.0,3,45.0,116185.66666666667,HONDA,0.0,0.0,0.0,2025-10-01
01001-01032,2025,12,1.0,1,45.0,124027.0,HONDA,0.0,0.0,0.0,2025-12-01
01001-01032,2026,2,44.0,8,45.0,74703.5,HONDA,0.0,0.0,0.0,2026-02-01
01001-01032,2026,3,15.0,3,45.0,55836.333333333336,HONDA,0.0,0.0,0.0,2026-03-01
01001-01032,2026,4,23.0,4,45.0,78738.5,HONDA,0.0,0.0,0.0,2026-04-01
01001-01032,2026,5,5.0,1,45.0,27066.0,HONDA,0.0,0.0,0.0,2026-05-01
01001-01033,2024,11,58.0,12,26.833333333333332,69126.0,CAMPANA HONDA,0.0,0.0,0.0,2024-11-01
01001-01033,2024,12,32.0,6,26.666666666666668,89036.0,CAMPANA HONDA,0.0,0.0,0.0,2024-12-01
01001-01033,2025,1,12.0,3,25.0,109015.66666666667,CAMPANA HONDA,0.0,0.0,0.0,2025-01-01
01001-01033,2025,11,4.0,1,35.0,33553.0,CAMPANA HONDA,0.0,0.0,0.0,2025-11-01
01001-01034,2025,3,12.0,2,101.2,82025.0,MITSUBISHI,0.0,0.0,0.0,2025-03-01
01001-01035,2025,1,4.0,1,160.0,118423.0,HONDA HCF-2,0.0,0.0,0.0,2025-01-01
01001-01035,2025,4,4.0,1,160.0,78162.0,HONDA HCF-2,0.0,0.0,0.0,2025-04-01
01001-01035,2025,6,4.0,1,160.0,70970.0,HONDA HCF-2,0.0,0.0,0.0,2025-06-01
01001-01035,2025,8,4.0,1,160.0,82324.0,HONDA HCF-2,0.0,0.0,0.0,2025-08-01
01001-01035,2025,12,12.0,3,160.0,72498.33333333333,HONDA HCF-2,0.0,0.0,0.0,2025-12-01
01001-01035,2026,1,8.0,1,145.0,61227.0,HONDA HCF-2,0.0,0.0,0.0,2026-01-01
01001-01035,2026,2,4.0,1,160.0,83700.0,HONDA HCF-2,0.0,0.0,0.0,2026-02-01
01001-01035,2026,4,14.0,2,130.0,80558.0,HONDA HCF-2,0.0,0.0,0.0,2026-04-01
01001-01035,2026,5,4.0,1,160.0,77123.0,HONDA HCF-2,0.0,0.0,0.0,2026-05-01
01001-01036,2025,3,6.0,1,131.0,82086.0,VOLVO XC90 2019,0.0,0.0,0.0,2025-03-01
01001-01036,2025,6,6.0,1,106.7,99423.0,VOLVO XC90 2019,0.0,0.0,0.0,2025-06-01
01001-01036,2026,2,8.0,1,95.0,52938.0,VOLVO XC90 2019,0.0,0.0,0.0,2026-02-01
01001-01036,2026,3,6.0,1,106.7,108785.0,VOLVO XC90 2019,0.0,0.0,0.0,2026-03-01
01001-01037,2025,4,17.0,3,45.0,106010.33333333333,PLUSPART,1.0,0.0,0.0,2025-04-01
01001-01037,2025,5,6.0,1,45.0,78835.0,PLUSPART,1.0,0.0,0.0,2025-05-01
01001-01037,2025,6,7.0,1,45.0,113861.0,PLUSPART,1.0,0.0,0.0,2025-06-01
01001-01037,2025,8,11.0,3,130.89000000000001,73998.0,PLUSPART,1.0,0.0,0.0,2025-08-01
01001-01037,2025,9,26.5,5,45.0,68662.4,PLUSPART,1.0,0.0,0.0,2025-09-01
01001-01037,2025,10,26.0,6,45.0,104194.33333333333,PLUSPART,1.0,0.0,0.0,2025-10-01
01001-01037,2025,11,68.0,13,45.0,87316.30769230769,PLUSPART,1.0,0.0,0.0,2025-11-01
01001-01037,2025,12,59.0,12,45.0,64430.0,PLUSPART,1.0,0.0,0.0,2025-12-01
01001-01037,2026,1,77.0,16,45.0,83754.75,PLUSPART,1.0,0.0,0.0,2026-01-01
01001-01037,2026,2,49.0,10,45.0,103205.7,PLUSPART,1.0,0.0,0.0,2026-02-01
01001-01037,2026,3,16.0,4,45.0,104956.0,PLUSPART,1.0,0.0,0.0,2026-03-01
01001-01037,2026,4,69.0,14,43.57142857142857,92266.92857142857,PLUSPART,1.0,0.0,0.0,2026-04-01
01001-01037,2026,5,75.0,16,43.9125,102218.625,PLUSPART,1.0,0.0,0.0,2026-05-01
01001-01038,2025,9,1.0,1,200.0,134340.0,PLUSPART 1.5 LT.,0.0,0.0,0.0,2025-09-01
01001-01038,2026,5,2.0,1,49.2,89113.0,PLUSPART 1.5 LT.,0.0,0.0,0.0,2026-05-01
01001-01039,2025,11,1.25,1,68.0,122362.0,PLUSPART 4LIT. VERDE 50/50,0.0,0.0,0.0,2025-11-01
01001-01039,2025,12,2.0,1,68.0,179730.0,PLUSPART 4LIT. VERDE 50/50,0.0,0.0,0.0,2025-12-01
01001-01039,2026,1,1.0,1,68.0,47643.0,PLUSPART 4LIT. VERDE 50/50,0.0,0.0,0.0,2026-01-01
01001-01039,2026,4,2.0,2,68.0,80558.0,PLUSPART 4LIT. VERDE 50/50,0.0,0.0,0.0,2026-04-01
01001-01039,2026,5,1.5,1,68.0,99794.0,PLUSPART 4LIT. VERDE 50/50,0.0,0.0,0.0,2026-05-01
01001-01501,2024,2,1.0,1,140.0,132586.0,SIN MARCA,5.0,0.0,0.0,2024-02-01
01001-01501,2024,3,3.0,3,140.0,56006.0,SIN MARCA,5.0,0.0,0.0,2024-03-01
01001-01501,2024,4,4.0,4,140.0,87396.0,SIN MARCA,5.0,0.0,0.0,2024-04-01
01001-01501,2024,5,2.0,2,120.0,68350.0,SIN MARCA,5.0,0.0,0.0,2024-05-01
01001-01501,2024,7,4.0,4,98.6,59353.25,SIN MARCA,5.0,0.0,0.0,2024-07-01
01001-01501,2024,9,3.0,3,108.24666666666667,73179.66666666667,SIN MARCA,5.0,0.0,0.0,2024-09-01
01001-01501,2024,11,2.0,2,120.0,66666.5,SIN MARCA,5.0,0.0,0.0,2024-11-01
01001-01501,2025,1,2.0,2,120.0,99675.0,SIN MARCA,5.0,0.0,0.0,2025-01-01
01001-01501,2025,2,4.0,4,120.0,74940.25,SIN MARCA,5.0,0.0,0.0,2025-02-01
01001-01501,2025,4,10.0,10,120.0,82810.0,SIN MARCA,5.0,0.0,0.0,2025-04-01
01001-01501,2025,5,11.0,11,120.0,70264.90909090909,SIN MARCA,5.0,0.0,0.0,2025-05-01
01001-01501,2025,6,7.0,7,120.0,76031.0,SIN MARCA,5.0,0.0,0.0,2025-06-01
01001-01501,2025,7,7.0,7,120.0,104542.85714285714,SIN MARCA,5.0,0.0,0.0,2025-07-01
01001-01501,2025,8,6.0,6,120.0,36527.0,SIN MARCA,5.0,0.0,0.0,2025-08-01
01001-01501,2025,9,6.0,6,120.0,92140.5,SIN MARCA,5.0,0.0,0.0,2025-09-01
01001-01501,2025,10,1.0,1,120.0,59857.0,SIN MARCA,5.0,0.0,0.0,2025-10-01
01001-01501,2025,11,6.0,6,120.0,61551.666666666664,SIN MARCA,5.0,0.0,0.0,2025-11-01
01001-01501,2025,12,1.0,1,120.0,27085.0,SIN MARCA,5.0,0.0,0.0,2025-12-01
01001-01501,2026,1,2.0,2,120.0,110967.0,SIN MARCA,5.0,0.0,0.0,2026-01-01
01001-01501,2026,2,11.0,11,120.0,104459.0,SIN MARCA,5.0,0.0,0.0,2026-02-01
01001-01501,2026,3,7.0,7,120.0,53730.142857142855,SIN MARCA,5.0,0.0,0.0,2026-03-01
01001-01501,2026,4,8.0,8,120.0,61853.875,SIN MARCA,5.0,0.0,0.0,2026-04-01
01001-01502,2024,3,1.0,1,25.0,66656.0,SIN MARCA,1.0,0.0,0.0,2024-03-01
01001-01502,2024,4,1.0,1,25.0,59832.0,SIN MARCA,1.0,0.0,0.0,2024-04-01
01001-01502,2024,5,0.5,1,25.0,157326.0,SIN MARCA,1.0,0.0,0.0,2024-05-01
01001-01502,2024,7,1.0,1,25.0,204581.0,SIN MARCA,1.0,0.0,0.0,2024-07-01
01001-01502,2024,8,2.0,2,25.0,102291.5,SIN MARCA,1.0,0.0,0.0,2024-08-01
01001-01502,2024,9,4.0,2,25.0,64876.5,SIN MARCA,1.0,0.0,0.0,2024-09-01
01001-01502,2024,10,1.0,1,25.0,106221.0,SIN MARCA,1.0,0.0,0.0,2024-10-01
01001-01502,2024,11,4.0,4,25.0,95602.25,SIN MARCA,1.0,0.0,0.0,2024-11-01
01001-01502,2025,3,2.0,1,25.0,117533.0,SIN MARCA,1.0,0.0,0.0,2025-03-01
01001-01502,2025,4,3.0,3,25.0,120455.33333333333,SIN MARCA,1.0,0.0,0.0,2025-04-01
01001-01502,2025,5,1.0,1,25.0,121212.0,SIN MARCA,1.0,0.0,0.0,2025-05-01
01001-01502,2025,7,8.0,4,25.0,154069.75,SIN MARCA,1.0,0.0,0.0,2025-07-01
01001-01502,2025,8,4.0,2,25.0,65217.5,SIN MARCA,1.0,0.0,0.0,2025-08-01
01001-01502,2025,9,4.0,2,25.0,219958.0,SIN MARCA,1.0,0.0,0.0,2025-09-01
01001-01502,2025,11,1.0,1,25.0,98803.0,SIN MARCA,1.0,0.0,0.0,2025-11-01
01001-01502,2025,12,1.0,1,25.0,110881.0,SIN MARCA,1.0,0.0,0.0,2025-12-01
01001-01502,2026,1,1.0,1,25.0,109330.0,SIN MARCA,1.0,0.0,0.0,2026-01-01
01001-01502,2026,3,2.0,1,25.0,186736.0,SIN MARCA,1.0,0.0,0.0,2026-03-01
01001-01502,2026,5,4.0,3,28.46666666666667,162086.33333333334,SIN MARCA,1.0,0.0,0.0,2026-05-01
01001-01504,2024,3,1.0,1,98.47,120668.0,SIN MARCA,10.0,0.0,0.0,2024-03-01
01001-01504,2024,6,1.0,1,98.47,1.0,SIN MARCA,10.0,0.0,0.0,2024-06-01
01001-01504,2024,10,1.0,1,98.47,119788.0,SIN MARCA,10.0,0.0,0.0,2024-10-01
01001-01504,2025,2,1.0,1,119.36,87300.0,SIN MARCA,10.0,0.0,0.0,2025-02-01
01001-01504,2025,5,1.0,1,119.36,125433.0,SIN MARCA,10.0,0.0,0.0,2025-05-01
01001-01504,2025,9,1.0,1,119.36,51045.0,SIN MARCA,10.0,0.0,0.0,2025-09-01
01001-01504,2025,11,2.0,2,119.37,113528.0,SIN MARCA,10.0,0.0,0.0,2025-11-01
01001-01504,2026,1,4.0,4,150.0,78073.75,SIN MARCA,10.0,0.0,0.0,2026-01-01
01001-01505,2024,4,1.0,1,280.0,133136.0,SIN MARCA,0.0,0.0,0.0,2024-04-01
01001-01505,2025,5,1.0,1,280.0,95283.0,SIN MARCA,0.0,0.0,0.0,2025-05-01
01001-01506,2024,5,6.0,2,71.26,30310.5,SIN MARCA,5.0,0.0,0.0,2024-05-01
01001-01506,2024,6,4.0,1,71.26,58338.0,SIN MARCA,5.0,0.0,0.0,2024-06-01
01001-01506,2024,8,3.0,1,71.26,41085.0,SIN MARCA,5.0,0.0,0.0,2024-08-01
01001-01506,2025,7,3.0,1,71.26,126816.0,SIN MARCA,5.0,0.0,0.0,2025-07-01
01001-01506,2026,4,4.0,1,71.26,68241.0,SIN MARCA,5.0,0.0,0.0,2026-04-01
01001-01507,2024,5,2.0,2,45.0,105305.0,SIN MARCA,12.0,0.0,0.0,2024-05-01
01001-01507,2024,6,9.0,1,45.0,105305.0,SIN MARCA,12.0,0.0,0.0,2024-06-01
01001-01507,2024,7,3.0,3,45.0,70966.0,SIN MARCA,12.0,0.0,0.0,2024-07-01
01001-01508,2024,8,1.0,1,33.05,91485.0,SIN MARCA,0.0,0.0,0.0,2024-08-01
01001-01508,2025,6,1.0,1,64.35,97417.0,SIN MARCA,0.0,0.0,0.0,2025-06-01
01001-01509,2025,7,3.0,1,80.5,126816.0,SIN MARCA,6.0,0.0,0.0,2025-07-01
01001-01509,2026,4,2.0,1,80.5,68241.0,SIN MARCA,6.0,0.0,0.0,2026-04-01
01001-01510,2025,5,1.0,1,52.0,108148.0,GAT 300ML.,0.0,0.0,0.0,2025-05-01
01001-01510,2025,7,2.0,1,76.7,161812.0,GAT 300ML.,0.0,0.0,0.0,2025-07-01
01001-01510,2025,11,1.0,1,65.0,98803.0,GAT 300ML.,0.0,0.0,0.0,2025-11-01
01001-02001,2024,8,1.0,1,820.0,17960.0,QUICKSTART    L-3,0.0,0.0,0.0,2024-08-01
01001-02001,2025,3,1.0,1,792.0,43760.0,QUICKSTART    L-3,0.0,0.0,0.0,2025-03-01
01001-02001,2025,4,1.0,1,744.0,63383.0,QUICKSTART    L-3,0.0,0.0,0.0,2025-04-01
01001-02002,2024,6,1.0,1,779.66,68743.0,QUICKSTART,0.0,0.0,0.0,2024-06-01
01001-02002,2024,12,1.0,1,801.7,71377.0,QUICKSTART,0.0,0.0,0.0,2024-12-01
01001-02002,2025,3,3.0,3,843.9,84622.33333333333,QUICKSTART,0.0,0.0,0.0,2025-03-01
01001-02002,2026,3,1.0,1,801.7,23788.0,QUICKSTART,0.0,0.0,0.0,2026-03-01
01001-02003,2024,4,2.0,2,830.51,127386.0,SIN MARCA,0.0,0.0,0.0,2024-04-01
01001-02003,2026,4,1.0,1,942.0,77817.0,SIN MARCA,0.0,0.0,0.0,2026-04-01
01001-02004,2024,7,3.0,3,385.0,60790.0,SIN MARCA,0.0,0.0,0.0,2024-07-01
01001-02004,2024,9,1.0,1,380.0,28344.0,SIN MARCA,0.0,0.0,0.0,2024-09-01
01001-02004,2024,12,3.0,3,382.0,102193.66666666667,SIN MARCA,0.0,0.0,0.0,2024-12-01
01001-02004,2025,1,3.0,3,346.0,117734.0,SIN MARCA,0.0,0.0,0.0,2025-01-01
01001-02004,2025,3,1.0,1,380.0,149288.0,SIN MARCA,0.0,0.0,0.0,2025-03-01
01001-02004,2025,4,2.0,2,330.35,68595.5,SIN MARCA,0.0,0.0,0.0,2025-04-01
01001-02004,2025,5,1.0,1,330.35,10885.0,SIN MARCA,0.0,0.0,0.0,2025-05-01
01001-02004,2025,6,3.0,3,333.56666666666666,81728.0,SIN MARCA,0.0,0.0,0.0,2025-06-01
01001-02004,2025,7,1.0,1,355.93,27648.0,SIN MARCA,0.0,0.0,0.0,2025-07-01
01001-02004,2025,9,2.0,2,341.175,46904.5,SIN MARCA,0.0,0.0,0.0,2025-09-01
01001-02004,2025,10,2.0,2,380.0,70831.0,SIN MARCA,0.0,0.0,0.0,2025-10-01
01001-02004,2026,5,2.0,2,330.35,65297.0,SIN MARCA,0.0,0.0,0.0,2026-05-01
01001-02005,2024,7,1.0,1,364.41,53450.0,SIN MARCA,0.0,0.0,0.0,2024-07-01
01001-02005,2024,8,2.0,2,436.0,62463.0,SIN MARCA,0.0,0.0,0.0,2024-08-01
01001-02005,2024,12,2.0,2,406.79,6095.0,SIN MARCA,0.0,0.0,0.0,2024-12-01
01001-02005,2025,2,1.0,1,428.29,68221.0,SIN MARCA,0.0,0.0,0.0,2025-02-01
01001-02005,2025,3,1.0,1,428.29,134943.0,SIN MARCA,0.0,0.0,0.0,2025-03-01
01001-02005,2025,8,1.0,1,428.29,42929.0,SIN MARCA,0.0,0.0,0.0,2025-08-01
01001-02005,2025,10,1.0,1,428.29,78215.0,SIN MARCA,0.0,0.0,0.0,2025-10-01
01001-02005,2025,11,1.0,1,428.29,81167.0,SIN MARCA,0.0,0.0,0.0,2025-11-01
01001-02006,2025,2,1.0,1,504.24,68221.0,SIN MARCA,0.0,0.0,0.0,2025-02-01
01001-02006,2025,3,2.0,2,504.24,134943.0,SIN MARCA,0.0,0.0,0.0,2025-03-01
01001-02007,2024,3,1.0,1,15.0,66656.0,SIN MARCA,9.0,0.0,0.0,2024-03-01
01001-02007,2024,10,1.0,1,15.0,76470.0,SIN MARCA,9.0,0.0,0.0,2024-10-01
01001-02007,2025,2,2.0,2,15.0,49545.0,SIN MARCA,9.0,0.0,0.0,2025-02-01
01001-02007,2025,4,1.0,1,15.0,149023.0,SIN MARCA,9.0,0.0,0.0,2025-04-01
01001-02007,2025,5,2.0,1,15.0,145837.0,SIN MARCA,9.0,0.0,0.0,2025-05-01
01001-02007,2025,6,1.0,1,15.0,152349.0,SIN MARCA,9.0,0.0,0.0,2025-06-01
01001-02007,2025,7,1.0,1,15.0,99857.0,SIN MARCA,9.0,0.0,0.0,2025-07-01
01001-02007,2025,9,1.0,1,15.0,175712.0,SIN MARCA,9.0,0.0,0.0,2025-09-01
01001-02007,2026,2,4.0,2,15.0,130464.0,SIN MARCA,9.0,0.0,0.0,2026-02-01
01001-02007,2026,3,1.0,1,15.0,46464.0,SIN MARCA,9.0,0.0,0.0,2026-03-01
01001-02008,2024,2,2.0,2,5.0,135235.0,OSRAM 2825,34.0,0.0,0.0,2024-02-01
01001-02008,2024,3,1.0,1,5.0,78032.0,OSRAM 2825,34.0,0.0,0.0,2024-03-01
01001-02008,2024,4,1.0,1,5.0,89599.0,OSRAM 2825,34.0,0.0,0.0,2024-04-01
01001-02008,2024,6,2.0,2,16.5,98371.5,OSRAM 2825,34.0,0.0,0.0,2024-06-01
01001-02008,2024,7,8.0,4,8.47,174505.5,OSRAM 2825,34.0,0.0,0.0,2024-07-01
01001-02008,2024,8,8.0,4,8.47,96119.75,OSRAM 2825,34.0,0.0,0.0,2024-08-01
01001-02008,2024,9,5.0,4,8.47,116000.0,OSRAM 2825,34.0,0.0,0.0,2024-09-01
01001-02008,2024,10,1.0,1,8.47,76470.0,OSRAM 2825,34.0,0.0,0.0,2024-10-01
01001-02008,2024,11,3.0,1,8.47,90246.0,OSRAM 2825,34.0,0.0,0.0,2024-11-01
01001-02008,2024,12,14.0,7,4.21,134584.0,OSRAM 2825,34.0,0.0,0.0,2024-12-01
01001-02008,2025,1,2.0,1,3.5,145434.0,OSRAM 2825,34.0,0.0,0.0,2025-01-01
01001-02008,2025,3,1.0,1,3.5,110261.0,OSRAM 2825,34.0,0.0,0.0,2025-03-01
01001-02008,2025,4,6.0,4,3.5,89227.25,OSRAM 2825,34.0,0.0,0.0,2025-04-01
01001-02008,2025,5,11.0,5,3.5,132168.6,OSRAM 2825,34.0,0.0,0.0,2025-05-01
01001-02008,2025,6,10.0,3,3.92,132151.0,OSRAM 2825,34.0,0.0,0.0,2025-06-01
01001-02008,2025,7,2.0,2,3.5,99857.0,OSRAM 2825,34.0,0.0,0.0,2025-07-01
01001-02008,2025,8,2.0,1,3.5,91253.0,OSRAM 2825,34.0,0.0,0.0,2025-08-01
01001-02008,2025,9,2.0,2,3.5,147475.0,OSRAM 2825,34.0,0.0,0.0,2025-09-01
01001-02008,2025,10,2.0,1,3.5,78215.0,OSRAM 2825,34.0,0.0,0.0,2025-10-01
01001-02008,2026,1,1.0,1,3.5,169879.0,OSRAM 2825,34.0,0.0,0.0,2026-01-01
01001-02008,2026,2,2.0,2,3.5,73938.5,OSRAM 2825,34.0,0.0,0.0,2026-02-01
01001-02008,2026,3,3.0,2,3.5,71236.0,OSRAM 2825,34.0,0.0,0.0,2026-03-01
01001-02008,2026,4,3.0,2,4.24,162804.0,OSRAM 2825,34.0,0.0,0.0,2026-04-01
01001-02008,2026,5,7.0,4,4.24,61999.75,OSRAM 2825,34.0,0.0,0.0,2026-05-01
01001-02009,2024,2,1.0,1,15.0,143335.0,WURTH 12V 21W,1.0,0.0,0.0,2024-02-01
01001-02009,2024,8,2.0,1,15.0,157326.0,WURTH 12V 21W,1.0,0.0,0.0,2024-08-01
01001-02009,2024,9,1.0,1,15.0,164673.0,WURTH 12V 21W,1.0,0.0,0.0,2024-09-01
01001-02009,2024,12,2.0,1,10.0,127617.0,WURTH 12V 21W,1.0,0.0,0.0,2024-12-01
01001-02009,2025,8,1.0,1,10.0,91253.0,WURTH 12V 21W,1.0,0.0,0.0,2025-08-01
01001-02009,2025,12,1.0,1,10.0,124027.0,WURTH 12V 21W,1.0,0.0,0.0,2025-12-01
01001-02010,2024,2,3.0,2,20.0,99039.5,SIN MARCA,9.0,0.0,0.0,2024-02-01
01001-02010,2024,3,4.0,2,20.0,115988.0,SIN MARCA,9.0,0.0,0.0,2024-03-01
01001-02010,2024,4,2.0,2,35.0,47368.0,SIN MARCA,9.0,0.0,0.0,2024-04-01
01001-02010,2024,6,1.0,1,20.0,112517.0,SIN MARCA,9.0,0.0,0.0,2024-06-01
01001-02010,2024,8,4.0,2,20.0,157326.0,SIN MARCA,9.0,0.0,0.0,2024-08-01
01001-02010,2024,12,1.0,1,20.0,147196.0,SIN MARCA,9.0,0.0,0.0,2024-12-01
01001-02010,2025,2,1.0,1,20.0,81912.0,SIN MARCA,9.0,0.0,0.0,2025-02-01
01001-02010,2025,3,1.0,1,20.0,241176.0,SIN MARCA,9.0,0.0,0.0,2025-03-01
01001-02010,2025,4,2.0,2,20.0,85899.0,SIN MARCA,9.0,0.0,0.0,2025-04-01
01001-02010,2025,5,1.0,1,20.0,40670.0,SIN MARCA,9.0,0.0,0.0,2025-05-01
01001-02010,2025,6,1.0,1,20.0,116651.0,SIN MARCA,9.0,0.0,0.0,2025-06-01
01001-02010,2025,7,1.0,1,23.6,161812.0,SIN MARCA,9.0,0.0,0.0,2025-07-01
01001-02010,2025,8,2.0,2,20.0,92079.0,SIN MARCA,9.0,0.0,0.0,2025-08-01
01001-02010,2025,10,1.0,1,20.0,106303.0,SIN MARCA,9.0,0.0,0.0,2025-10-01
01001-02010,2025,12,1.0,1,20.0,95649.0,SIN MARCA,9.0,0.0,0.0,2025-12-01
01001-02010,2026,1,1.0,1,20.0,48153.0,SIN MARCA,9.0,0.0,0.0,2026-01-01
01001-02010,2026,5,2.0,2,20.0,77123.0,SIN MARCA,9.0,0.0,0.0,2026-05-01
01001-02011,2024,2,1.0,1,500.0,61170.0,SIN MARCA,0.0,0.0,0.0,2024-02-01
01001-02011,2025,1,1.0,1,458.0,80315.0,SIN MARCA,0.0,0.0,0.0,2025-01-01
01001-02011,2025,2,1.0,1,539.4,81912.0,SIN MARCA,0.0,0.0,0.0,2025-02-01
01001-02012,2024,3,1.0,1,10.0,37206.0,SIN MARCA,15.0,0.0,0.0,2024-03-01
01001-02012,2024,9,4.0,3,10.0,137703.0,SIN MARCA,15.0,0.0,0.0,2024-09-01
01001-02012,2024,12,2.0,2,10.0,164156.0,SIN MARCA,15.0,0.0,0.0,2024-12-01
01001-02012,2025,2,1.0,1,10.0,81912.0,SIN MARCA,15.0,0.0,0.0,2025-02-01
01001-02012,2025,5,1.0,1,10.0,125433.0,SIN MARCA,15.0,0.0,0.0,2025-05-01
01001-02012,2025,12,1.0,1,10.0,95649.0,SIN MARCA,15.0,0.0,0.0,2025-12-01
01001-02012,2026,5,1.0,1,10.0,134731.0,SIN MARCA,15.0,0.0,0.0,2026-05-01
01001-02013,2024,3,1.0,1,391.55,104939.0,SIN MARCA,0.0,0.0,0.0,2024-03-01
01001-02013,2025,5,1.0,1,391.55,145837.0,SIN MARCA,0.0,0.0,0.0,2025-05-01
01001-02014,2024,10,2.0,1,23.6,68392.0,SIN MARCA,10.0,0.0,0.0,2024-10-01
01001-02015,2024,3,2.0,2,510.0,10942.0,BOSCH (CR-V),0.0,0.0,0.0,2024-03-01
01001-02015,2024,7,1.0,1,480.0,311324.0,BOSCH (CR-V),0.0,0.0,0.0,2024-07-01
01001-02015,2024,8,3.0,3,526.6666666666666,77881.0,BOSCH (CR-V),0.0,0.0,0.0,2024-08-01
01001-02015,2024,12,3.0,3,457.62999999999994,116432.0,BOSCH (CR-V),0.0,0.0,0.0,2024-12-01
01001-02015,2025,1,2.0,2,457.63,78660.0,BOSCH (CR-V),0.0,0.0,0.0,2025-01-01
01001-02015,2025,2,2.0,2,457.63,38401.0,BOSCH (CR-V),0.0,0.0,0.0,2025-02-01
01001-02015,2025,3,1.0,1,457.63,1.0,BOSCH (CR-V),0.0,0.0,0.0,2025-03-01
01001-02015,2025,6,1.0,1,457.63,70970.0,BOSCH (CR-V),0.0,0.0,0.0,2025-06-01
01001-02015,2025,11,1.0,1,457.63,86875.0,BOSCH (CR-V),0.0,0.0,0.0,2025-11-01
01001-02015,2026,2,1.0,1,457.63,14981.0,BOSCH (CR-V),0.0,0.0,0.0,2026-02-01
01001-02015,2026,3,1.0,1,322.03,106742.0,BOSCH (CR-V),0.0,0.0,0.0,2026-03-01
01001-02015,2026,5,2.0,2,360.0,94982.0,BOSCH (CR-V),0.0,0.0,0.0,2026-05-01
01001-02016,2024,3,2.0,2,296.09,66700.0,SIN MARCA,0.0,0.0,0.0,2024-03-01
01001-02017,2024,3,1.0,1,21.19,78591.0,SIN MARCA,1.0,0.0,0.0,2024-03-01
01001-02018,2024,4,1.0,1,1152.54,51516.0,SIN MARCA,0.0,0.0,0.0,2024-04-01
01001-02018,2025,4,1.0,1,1145.0,63383.0,SIN MARCA,0.0,0.0,0.0,2025-04-01
01001-02019,2024,4,1.0,1,595.12,48240.0,SIN MARCA,0.0,0.0,0.0,2024-04-01
01001-02019,2024,11,2.0,2,483.06,105141.5,SIN MARCA,0.0,0.0,0.0,2024-11-01
01001-02020,2026,3,2.0,1,8.5,61881.0,SIN MARCA,2.0,0.0,0.0,2026-03-01
01001-02021,2024,7,1.0,1,15.0,66491.0,SIN MARCA,0.0,0.0,0.0,2024-07-01
01001-02022,2024,9,1.0,1,16.0,51097.0,SIN MARCA,0.0,0.0,0.0,2024-09-01
01001-02022,2025,4,1.0,1,10.18,85239.0,SIN MARCA,0.0,0.0,0.0,2025-04-01
01001-02022,2025,9,1.0,1,10.18,55007.0,SIN MARCA,0.0,0.0,0.0,2025-09-01
01001-02022,2026,1,1.0,1,10.18,14936.0,SIN MARCA,0.0,0.0,0.0,2026-01-01
01001-02022,2026,2,2.0,1,10.18,134931.0,SIN MARCA,0.0,0.0,0.0,2026-02-01
01001-02051,2024,3,1.0,1,20.0,169782.0,OSRAM,11.0,0.0,0.0,2024-03-01
01001-02051,2024,4,4.0,2,20.0,63197.0,OSRAM,11.0,0.0,0.0,2024-04-01
01001-02051,2024,8,1.0,1,20.0,122441.0,OSRAM,11.0,0.0,0.0,2024-08-01
01001-02051,2024,9,1.0,1,20.0,98551.0,OSRAM,11.0,0.0,0.0,2024-09-01
01001-02051,2024,10,2.0,2,20.0,135592.0,OSRAM,11.0,0.0,0.0,2024-10-01
01001-02051,2024,11,5.0,2,15.0,168452.0,OSRAM,11.0,0.0,0.0,2024-11-01
01001-02051,2024,12,2.0,2,10.0,164156.0,OSRAM,11.0,0.0,0.0,2024-12-01
01001-02051,2025,1,3.0,2,10.0,124659.0,OSRAM,11.0,0.0,0.0,2025-01-01
01001-02051,2025,2,4.0,2,10.0,76751.5,OSRAM,11.0,0.0,0.0,2025-02-01
01001-02051,2025,4,2.0,2,20.0,149023.0,OSRAM,11.0,0.0,0.0,2025-04-01
01001-02051,2025,6,2.0,2,17.0,93571.0,OSRAM,11.0,0.0,0.0,2025-06-01
01001-02051,2025,9,3.0,2,17.0,73020.0,OSRAM,11.0,0.0,0.0,2025-09-01
01001-02051,2025,10,2.0,1,17.0,128384.0,OSRAM,11.0,0.0,0.0,2025-10-01
01001-02051,2026,1,1.0,1,17.0,169879.0,OSRAM,11.0,0.0,0.0,2026-01-01
01001-02051,2026,4,3.0,3,17.0,117364.33333333333,OSRAM,11.0,0.0,0.0,2026-04-01
01001-02052,2024,4,2.0,1,20.97,35600.0,SIN MARCA,0.0,0.0,0.0,2024-04-01
01001-02053,2024,4,1.0,1,20.0,104436.0,SIN MARCA,3.0,0.0,0.0,2024-04-01
01001-02053,2024,6,1.0,1,20.0,107134.0,SIN MARCA,3.0,0.0,0.0,2024-06-01
01001-02053,2024,11,1.0,1,20.0,89145.0,SIN MARCA,3.0,0.0,0.0,2024-11-01
01001-02053,2025,1,1.0,1,20.0,99675.0,SIN MARCA,3.0,0.0,0.0,2025-01-01
01001-02053,2025,2,2.0,1,20.0,105913.0,SIN MARCA,3.0,0.0,0.0,2025-02-01
01001-02053,2025,3,2.0,2,20.0,122242.0,SIN MARCA,3.0,0.0,0.0,2025-03-01
01001-02053,2025,5,1.0,1,20.0,51806.0,SIN MARCA,3.0,0.0,0.0,2025-05-01
01001-02053,2025,8,1.0,1,18.0,100215.0,SIN MARCA,3.0,0.0,0.0,2025-08-01
01001-02053,2025,11,4.0,2,18.0,161901.5,SIN MARCA,3.0,0.0,0.0,2025-11-01
01001-02053,2026,1,1.0,1,18.0,169879.0,SIN MARCA,3.0,0.0,0.0,2026-01-01
01001-02054,2024,4,2.0,2,75.0,60583.0,OSRAM,8.0,0.0,0.0,2024-04-01
01001-02054,2024,11,2.0,2,55.08,106230.5,OSRAM,8.0,0.0,0.0,2024-11-01
01001-02054,2024,12,2.0,2,55.08,62199.5,OSRAM,8.0,0.0,0.0,2024-12-01
01001-02054,2025,1,1.0,1,55.08,80315.0,OSRAM,8.0,0.0,0.0,2025-01-01
01001-02054,2025,7,1.0,1,65.0,98684.0,OSRAM,8.0,0.0,0.0,2025-07-01
01001-02054,2025,10,2.0,1,60.0,108101.0,OSRAM,8.0,0.0,0.0,2025-10-01
01001-02054,2025,12,2.0,2,60.0,174388.0,OSRAM,8.0,0.0,0.0,2025-12-01
01001-02054,2026,2,1.0,1,60.0,83700.0,OSRAM,8.0,0.0,0.0,2026-02-01
01001-02055,2024,5,1.0,1,41.95,65346.0,SIN MARCA,10.0,0.0,0.0,2024-05-01
01001-02055,2024,10,1.0,1,45.0,119788.0,SIN MARCA,10.0,0.0,0.0,2024-10-01
01001-02055,2024,11,2.0,1,42.38,174222.0,SIN MARCA,10.0,0.0,0.0,2024-11-01
01001-02055,2025,5,1.0,1,42.38,178809.0,SIN MARCA,10.0,0.0,0.0,2025-05-01
01001-02055,2025,12,1.0,1,42.38,27085.0,SIN MARCA,10.0,0.0,0.0,2025-12-01
01001-02055,2026,2,2.0,2,42.38,58484.5,SIN MARCA,10.0,0.0,0.0,2026-02-01
01001-02056,2025,3,1.0,1,48.94,182255.0,OSRAM,2.0,0.0,0.0,2025-03-01
01001-02056,2025,5,2.0,2,48.94,105779.0,OSRAM,2.0,0.0,0.0,2025-05-01
01001-02056,2025,12,1.0,1,16.98,102096.0,OSRAM,2.0,0.0,0.0,2025-12-01
01001-02057,2025,8,2.0,1,35.0,156639.0,SIN MARCA,4.0,0.0,0.0,2025-08-01
01001-02057,2025,12,1.0,1,48.94,116359.0,SIN MARCA,4.0,0.0,0.0,2025-12-01
01001-02058,2024,7,1.0,1,65.0,51734.0,SIN MARCA,0.0,0.0,0.0,2024-07-01
01001-02059,2024,8,1.0,1,45.0,56510.0,OSRAM,4.0,0.0,0.0,2024-08-01
01001-02059,2024,9,2.0,2,45.0,98551.0,OSRAM,4.0,0.0,0.0,2024-09-01
01001-02059,2025,4,2.0,2,45.0,13285.0,OSRAM,4.0,0.0,0.0,2025-04-01
01001-02059,2025,5,1.0,1,45.0,143357.0,OSRAM,4.0,0.0,0.0,2025-05-01
01001-02059,2025,8,2.0,2,45.0,100215.0,OSRAM,4.0,0.0,0.0,2025-08-01
01001-02059,2026,5,2.0,1,38.14,77123.0,OSRAM,4.0,0.0,0.0,2026-05-01
01001-02061,2024,10,2.0,1,8.47,119788.0,SIN MARCA,20.0,0.0,0.0,2024-10-01
01001-02061,2025,5,3.0,2,2.5,125808.0,SIN MARCA,20.0,0.0,0.0,2025-05-01
01001-02061,2025,6,2.0,1,2.5,116651.0,SIN MARCA,20.0,0.0,0.0,2025-06-01
01001-02061,2025,7,1.0,1,2.5,99857.0,SIN MARCA,20.0,0.0,0.0,2025-07-01
01001-02062,2024,10,1.0,1,80.51,42187.0,SIN MARCA,0.0,0.0,0.0,2024-10-01
01001-02063,2025,12,1.0,1,59.32,116359.0,OSRAM,0.0,0.0,0.0,2025-12-01
01001-02065,2025,6,1.0,1,331.25,73143.0,PHILIPS BMW 316 2014,0.0,0.0,0.0,2025-06-01
01001-02065,2026,2,1.0,1,440.68,130464.0,PHILIPS BMW 316 2014,0.0,0.0,0.0,2026-02-01
01001-02065,2026,5,1.0,1,440.68,131368.0,PHILIPS BMW 316 2014,0.0,0.0,0.0,2026-05-01
01001-02066,2025,8,1.0,1,21.19,100215.0,OSRAM (CR-V 07-11),0.0,0.0,0.0,2025-08-01
01001-02067,2026,5,1.0,1,25.42,29385.0,TOSHIBA HONDA CR-V,0.0,0.0,0.0,2026-05-01
01001-02070,2026,4,1.0,1,450.22,74614.0,OSRAM,0.0,0.0,0.0,2026-04-01
01001-02501,2024,3,1.0,1,209.75,102870.0,SIN MARCA,0.0,0.0,0.0,2024-03-01
01001-02503,2024,4,1.0,1,531.35,70054.0,SIN MARCA,0.0,0.0,0.0,2024-04-01
01001-02504,2024,5,2.0,2,620.0,73772.0,SIN MARCA,0.0,0.0,0.0,2024-05-01
01001-02505,2024,5,1.0,1,198.0,73772.0,SIN MARCA,0.0,0.0,0.0,2024-05-01
01001-02506,2024,5,2.0,2,218.0,65226.0,SIN MARCA,0.0,0.0,0.0,2024-05-01
01001-02507,2024,8,1.0,1,190.0,138480.0,SIN MARCA,0.0,0.0,0.0,2024-08-01
01001-02508,2024,8,1.0,1,210.0,138480.0,SIN MARCA,0.0,0.0,0.0,2024-08-01
01001-02510,2024,7,1.0,1,285.0,32542.0,SIN MARCA,0.0,0.0,0.0,2024-07-01
01001-02511,2024,7,1.0,1,1247.38,98096.0,SIN MARCA,0.0,0.0,0.0,2024-07-01
01001-02512,2024,7,1.0,1,280.0,20973.0,SIN MARCA,0.0,0.0,0.0,2024-07-01
01001-02513,2024,8,1.0,1,167.81,1.0,SIN MARCA,0.0,0.0,0.0,2024-08-01
01001-02514,2024,8,4.0,1,280.0,98096.0,SIN MARCA,0.0,0.0,0.0,2024-08-01
01001-02515,2024,8,1.0,1,120.0,66515.0,SIN MARCA,0.0,0.0,0.0,2024-08-01
01001-02516,2024,9,2.0,2,1570.5700000000002,55851.0,SIN MARCA,0.0,0.0,0.0,2024-09-01
01001-03001,2024,2,1.0,1,65.0,94572.0,SIN MARCA,0.0,0.0,0.0,2024-02-01
01001-03001,2024,9,1.0,1,70.0,92038.0,SIN MARCA,0.0,0.0,0.0,2024-09-01
01001-03002,2024,2,2.0,2,85.0,94572.0,SIN MARCA,0.0,0.0,0.0,2024-02-01
01001-03003,2024,2,1.0,1,99.0,94572.0,SIN MARCA,0.0,0.0,0.0,2024-02-01
01001-03004,2024,2,1.0,1,36.0,94572.0,SIN MARCA,1.0,0.0,0.0,2024-02-01
01001-03005,2024,8,1.0,1,45.0,129469.0,SIN MARCA,0.0,0.0,0.0,2024-08-01
01001-03006,2024,2,1.0,1,320.0,70706.0,SIN MARCA,0.0,0.0,0.0,2024-02-01
01001-03007,2024,2,3.0,3,4.5,116449.33333333333,SIN MARCA,2.0,0.0,0.0,2024-02-01
01001-03007,2024,3,17.0,17,4.579411764705882,59612.23529411765,SIN MARCA,2.0,0.0,0.0,2024-03-01
01001-03007,2024,4,21.0,21,4.5,94229.38095238095,SIN MARCA,2.0,0.0,0.0,2024-04-01
01001-03007,2024,5,9.0,9,4.5,89954.77777777778,SIN MARCA,2.0,0.0,0.0,2024-05-01
01001-03007,2024,6,10.0,10,4.5,88772.9,SIN MARCA,2.0,0.0,0.0,2024-06-01
01001-03007,2024,7,13.0,13,4.884615384615385,72497.76923076923,SIN MARCA,2.0,0.0,0.0,2024-07-01
01001-03007,2024,8,18.0,18,5.222222222222222,72603.11111111111,SIN MARCA,2.0,0.0,0.0,2024-08-01
01001-03007,2024,9,23.0,23,5.5,81180.13043478261,SIN MARCA,2.0,0.0,0.0,2024-09-01
01001-03007,2024,10,9.0,9,5.5,96609.55555555556,SIN MARCA,2.0,0.0,0.0,2024-10-01
01001-03007,2024,11,21.0,21,5.5,75479.38095238095,SIN MARCA,2.0,0.0,0.0,2024-11-01
01001-03007,2024,12,19.0,19,5.5,86991.57894736843,SIN MARCA,2.0,0.0,0.0,2024-12-01
01001-03007,2025,1,22.0,22,5.491363636363636,87383.04545454546,SIN MARCA,2.0,0.0,0.0,2025-01-01
01001-03007,2025,2,18.0,18,5.5,78078.77777777778,SIN MARCA,2.0,0.0,0.0,2025-02-01
01001-03007,2025,3,22.0,22,5.340909090909091,95770.0,SIN MARCA,2.0,0.0,0.0,2025-03-01
01001-03007,2025,4,24.0,24,5.5,73768.58333333333,SIN MARCA,2.0,0.0,0.0,2025-04-01
01001-03007,2025,5,22.0,22,5.5,89615.40909090909,SIN MARCA,2.0,0.0,0.0,2025-05-01
01001-03007,2025,6,18.0,18,5.555,104075.94444444444,SIN MARCA,2.0,0.0,0.0,2025-06-01
01001-03007,2025,7,16.0,16,5.561875,101554.9375,SIN MARCA,2.0,0.0,0.0,2025-07-01
01001-03007,2025,8,15.0,15,5.5,73576.6,SIN MARCA,2.0,0.0,0.0,2025-08-01
01001-03007,2025,9,14.0,14,5.5,89701.14285714286,SIN MARCA,2.0,0.0,0.0,2025-09-01
01001-03007,2025,10,17.0,17,5.5,103152.70588235294,SIN MARCA,2.0,0.0,0.0,2025-10-01
01001-03007,2025,11,20.0,20,5.5,78316.5,SIN MARCA,2.0,0.0,0.0,2025-11-01
01001-03007,2025,12,20.0,20,5.5,82999.55,SIN MARCA,2.0,0.0,0.0,2025-12-01
01001-03007,2026,1,23.0,23,5.5,103335.95652173914,SIN MARCA,2.0,0.0,0.0,2026-01-01
01001-03007,2026,2,29.0,29,5.5,89182.31034482758,SIN MARCA,2.0,0.0,0.0,2026-02-01
01001-03007,2026,3,9.0,9,5.5,63611.333333333336,SIN MARCA,2.0,0.0,0.0,2026-03-01
01001-03007,2026,4,19.0,19,5.5,82774.94736842105,SIN MARCA,2.0,0.0,0.0,2026-04-01
01001-03007,2026,5,18.0,18,5.5,81673.94444444444,SIN MARCA,2.0,0.0,0.0,2026-05-01
01001-03008,2025,1,1.0,1,15.0,118423.0,SIN MARCA,0.0,0.0,0.0,2025-01-01
01001-03008,2026,1,4.0,4,10.0,191662.0,SIN MARCA,0.0,0.0,0.0,2026-01-01
01001-03009,2024,2,4.0,1,20.63,73427.0,SIN MARCA,0.0,0.0,0.0,2024-02-01
01001-030098,2025,1,1.0,1,90.0,99440.0,ELRING BMW X1 2014,0.0,0.0,0.0,2025-01-01
01001-03010,2024,3,4.0,2,4.49,113604.0,SIN MARCA,60.0,0.0,0.0,2024-03-01
01001-03010,2024,4,2.0,1,6.0,152232.0,SIN MARCA,60.0,0.0,0.0,2024-04-01
01001-03010,2024,7,1.0,1,5.59,1.0,SIN MARCA,60.0,0.0,0.0,2024-07-01
01001-03010,2024,8,1.0,1,5.59,129469.0,SIN MARCA,60.0,0.0,0.0,2024-08-01
01001-03010,2024,9,1.0,1,5.59,129751.0,SIN MARCA,60.0,0.0,0.0,2024-09-01
01001-03010,2025,8,2.0,1,5.59,85768.0,SIN MARCA,60.0,0.0,0.0,2025-08-01
01001-03010,2025,11,2.0,1,5.59,122362.0,SIN MARCA,60.0,0.0,0.0,2025-11-01
01001-03011,2024,2,1.0,1,520.0,120668.0,SIN MARCA,0.0,0.0,0.0,2024-02-01
01001-03011,2024,9,2.0,2,740.0,91354.5,SIN MARCA,0.0,0.0,0.0,2024-09-01
01001-03012,2024,3,1.0,1,65.0,66656.0,SIN MARCA,0.0,0.0,0.0,2024-03-01
01001-03012,2024,8,1.0,1,80.0,92038.0,SIN MARCA,0.0,0.0,0.0,2024-08-01
01001-03012,2024,9,1.0,1,65.0,98551.0,SIN MARCA,0.0,0.0,0.0,2024-09-01
01001-03013,2024,3,4.0,1,20.99,37206.0,SIN MARCA,0.0,0.0,0.0,2024-03-01
01001-03013,2024,4,4.0,1,20.99,152232.0,SIN MARCA,0.0,0.0,0.0,2024-04-01
01001-03013,2024,5,4.0,1,24.75,112000.0,SIN MARCA,0.0,0.0,0.0,2024-05-01
01001-03014,2024,3,3.0,3,52.333333333333336,136205.66666666666,HONDA,1.0,0.0,0.0,2024-03-01
01001-03014,2024,5,2.0,2,55.28,149279.0,HONDA,1.0,0.0,0.0,2024-05-01
01001-03014,2024,7,1.0,1,65.0,311324.0,HONDA,1.0,0.0,0.0,2024-07-01
01001-03014,2024,11,2.0,2,50.39,133428.5,HONDA,1.0,0.0,0.0,2024-11-01
01001-03014,2025,2,1.0,1,55.22,105124.0,HONDA,1.0,0.0,0.0,2025-02-01
01001-03014,2025,3,2.0,2,55.22,134943.0,HONDA,1.0,0.0,0.0,2025-03-01
01001-03014,2025,8,1.0,1,55.22,175990.0,HONDA,1.0,0.0,0.0,2025-08-01
01001-03014,2025,9,1.0,1,32.5,91601.0,HONDA,1.0,0.0,0.0,2025-09-01
01001-03014,2025,10,1.0,1,110.0,100011.0,HONDA,1.0,0.0,0.0,2025-10-01
01001-03014,2026,3,2.0,1,60.0,109732.0,HONDA,1.0,0.0,0.0,2026-03-01
01001-03015,2024,3,2.0,2,79.5,132550.0,HONDA,1.0,0.0,0.0,2024-03-01
01001-03015,2024,5,2.0,2,77.36500000000001,149279.0,HONDA,1.0,0.0,0.0,2024-05-01
01001-03015,2024,7,1.0,1,95.0,311324.0,HONDA,1.0,0.0,0.0,2024-07-01
01001-03015,2024,11,3.0,3,77.31,131692.33333333334,HONDA,1.0,0.0,0.0,2024-11-01
01001-03015,2025,2,1.0,1,82.1,105124.0,HONDA,1.0,0.0,0.0,2025-02-01
01001-03015,2025,3,1.0,1,82.1,134943.0,HONDA,1.0,0.0,0.0,2025-03-01
01001-03015,2025,8,1.0,1,82.1,175990.0,HONDA,1.0,0.0,0.0,2025-08-01
01001-03015,2025,9,1.0,1,55.25,91601.0,HONDA,1.0,0.0,0.0,2025-09-01
01001-03016,2024,3,2.0,2,22.605,132550.0,SIN MARCA,1.0,0.0,0.0,2024-03-01
01001-03016,2024,5,3.0,3,26.14,151961.33333333334,SIN MARCA,1.0,0.0,0.0,2024-05-01
01001-03016,2024,7,2.0,2,35.0,311324.0,SIN MARCA,1.0,0.0,0.0,2024-07-01
01001-03016,2024,11,1.0,1,20.21,138637.0,SIN MARCA,1.0,0.0,0.0,2024-11-01
01001-03017,2024,3,2.0,2,15.46,132550.0,SIN MARCA,1.0,0.0,0.0,2024-03-01
01001-03017,2024,5,2.0,2,25.46,149279.0,SIN MARCA,1.0,0.0,0.0,2024-05-01
01001-03017,2024,7,1.0,1,10.5,311324.0,SIN MARCA,1.0,0.0,0.0,2024-07-01
01001-03017,2024,11,1.0,1,5.92,138637.0,SIN MARCA,1.0,0.0,0.0,2024-11-01
01001-03018,2024,3,4.0,1,97.5,51515.0,SIN MARCA,0.0,0.0,0.0,2024-03-01
01001-03019,2024,3,4.0,1,97.5,64988.0,SIN MARCA,0.0,0.0,0.0,2024-03-01
01001-03020,2024,3,1.0,1,44.19,143517.0,SIN MARCA,0.0,0.0,0.0,2024-03-01
01001-03021,2024,3,3.0,3,34.14333333333334,128894.33333333333,CR-V 07-09  (15312-RZA-003),2.0,0.0,0.0,2024-03-01
01001-03021,2024,5,2.0,2,36.215,149279.0,CR-V 07-09  (15312-RZA-003),2.0,0.0,0.0,2024-05-01
01001-03021,2024,7,1.0,1,48.0,311324.0,CR-V 07-09  (15312-RZA-003),2.0,0.0,0.0,2024-07-01
01001-03021,2024,11,1.0,1,26.43,138637.0,CR-V 07-09  (15312-RZA-003),2.0,0.0,0.0,2024-11-01
01001-03021,2025,4,1.0,1,40.05,105124.0,CR-V 07-09  (15312-RZA-003),2.0,0.0,0.0,2025-04-01
01001-03022,2024,3,3.0,3,29.593333333333334,128894.33333333333,HONDA CR-V 07-09 (15313-RZA-003),2.0,0.0,0.0,2024-03-01
01001-03022,2024,5,2.0,2,26.39,149279.0,HONDA CR-V 07-09 (15313-RZA-003),2.0,0.0,0.0,2024-05-01
01001-03022,2024,7,1.0,1,36.0,311324.0,HONDA CR-V 07-09 (15313-RZA-003),2.0,0.0,0.0,2024-07-01
01001-03022,2024,11,1.0,1,16.78,138637.0,HONDA CR-V 07-09 (15313-RZA-003),2.0,0.0,0.0,2024-11-01
01001-03023,2024,3,1.0,1,1.5,10724.0,SIN MARCA,0.0,0.0,0.0,2024-03-01
01001-03024,2024,3,4.0,1,22.5,69170.0,NGK  HONDA PILOT 2012,0.0,0.0,0.0,2024-03-01
01001-03024,2024,4,4.0,1,17.49,156615.0,NGK  HONDA PILOT 2012,0.0,0.0,0.0,2024-04-01
01001-03024,2024,5,4.0,1,21.0,140165.0,NGK  HONDA PILOT 2012,0.0,0.0,0.0,2024-05-01
01001-03024,2024,8,8.0,2,26.25,84497.0,NGK  HONDA PILOT 2012,0.0,0.0,0.0,2024-08-01
01001-03024,2024,9,20.0,5,21.598,111095.4,NGK  HONDA PILOT 2012,0.0,0.0,0.0,2024-09-01
01001-03024,2024,10,4.0,1,25.42,159318.0,NGK  HONDA PILOT 2012,0.0,0.0,0.0,2024-10-01
01001-03024,2026,2,4.0,1,25.0,167216.0,NGK  HONDA PILOT 2012,0.0,0.0,0.0,2026-02-01
01001-03025,2024,3,16.0,2,126.39,79530.0,SIN MARCA,0.0,0.0,0.0,2024-03-01
01001-03026,2024,3,4.0,1,90.0,89883.0,SIN MARCA,0.0,0.0,0.0,2024-03-01
01001-03027,2024,3,4.0,1,22.5,121583.0,SIN MARCA,0.0,0.0,0.0,2024-03-01
01001-03027,2024,9,4.0,1,25.0,164673.0,SIN MARCA,0.0,0.0,0.0,2024-09-01
01001-03028,2024,3,4.0,1,87.5,51846.0,BOSCH FQ5NPP332S AUDI Q5 2015,0.0,0.0,0.0,2024-03-01
01001-03028,2024,7,4.0,1,86.25,71712.0,BOSCH FQ5NPP332S AUDI Q5 2015,0.0,0.0,0.0,2024-07-01
01001-03028,2025,1,4.0,1,101.7,58998.0,BOSCH FQ5NPP332S AUDI Q5 2015,0.0,0.0,0.0,2025-01-01
01001-03028,2025,2,1.0,1,101.7,68221.0,BOSCH FQ5NPP332S AUDI Q5 2015,0.0,0.0,0.0,2025-02-01
01001-03029,2024,3,1.0,1,115.81,121583.0,SIN MARCA,0.0,0.0,0.0,2024-03-01
01001-03031,2024,4,2.0,2,1950.0,51936.0,SIN MARCA,0.0,0.0,0.0,2024-04-01
01001-03032,2024,4,1.0,1,45.0,51936.0,SIN MARCA,0.0,0.0,0.0,2024-04-01
01001-03033,2024,4,1.0,1,107.66,78897.0,SIN MARCA,0.0,0.0,0.0,2024-04-01
01001-03033,2024,9,1.0,1,127.27,98551.0,SIN MARCA,0.0,0.0,0.0,2024-09-01
01001-03034,2024,4,1.0,1,4368.67,78897.0,SIN MARCA,0.0,0.0,0.0,2024-04-01
01001-03035,2024,4,1.0,1,531.35,152232.0,SIN MARCA,0.0,0.0,0.0,2024-04-01
01001-03036,2024,4,1.0,1,62.93,152232.0,SIN MARCA,0.0,0.0,0.0,2024-04-01
01001-03037,2024,4,1.0,1,85.0,114021.0,SIN MARCA,0.0,0.0,0.0,2024-04-01
01001-03038,2024,4,1.0,1,90.0,114021.0,SIN MARCA,0.0,0.0,0.0,2024-04-01
01001-03038,2024,7,1.0,1,120.0,66491.0,SIN MARCA,0.0,0.0,0.0,2024-07-01
01001-03039,2024,10,1.0,1,487.0,141924.0,SIN MARCA,0.0,0.0,0.0,2024-10-01
01001-03040,2024,10,1.0,1,1160.0,84793.0,SIN MARCA,0.0,0.0,0.0,2024-10-01
01001-03041,2024,10,1.0,1,2300.0,252845.0,SIN MARCA,0.0,0.0,0.0,2024-10-01
01001-03042,2024,4,4.0,1,73.43,63197.0,DENSO CR-V 2016 - 2018,0.0,0.0,0.0,2024-04-01
01001-03042,2024,8,4.0,1,90.0,70302.0,DENSO CR-V 2016 - 2018,0.0,0.0,0.0,2024-08-01
01001-03042,2024,12,4.0,1,76.3,101050.0,DENSO CR-V 2016 - 2018,0.0,0.0,0.0,2024-12-01
01001-03042,2025,1,16.0,4,72.525,79446.0,DENSO CR-V 2016 - 2018,0.0,0.0,0.0,2025-01-01
01001-03042,2025,10,4.0,1,76.3,100011.0,DENSO CR-V 2016 - 2018,0.0,0.0,0.0,2025-10-01
01001-03043,2024,4,4.0,1,24.75,63196.0,SIN MARCA,0.0,0.0,0.0,2024-04-01
01001-03044,2024,4,1.0,1,421.11,73123.0,SIN MARCA,0.0,0.0,0.0,2024-04-01
01001-03045,2024,4,4.0,1,193.03,53408.0,SIN MARCA,0.0,0.0,0.0,2024-04-01
01001-03046,2024,5,2.0,2,75.765,149279.0,SIN MARCA,1.0,0.0,0.0,2024-05-01
01001-03046,2024,7,1.0,1,95.0,311324.0,SIN MARCA,1.0,0.0,0.0,2024-07-01
01001-03046,2024,11,1.0,1,46.53,138637.0,SIN MARCA,1.0,0.0,0.0,2024-11-01
01001-03047,2024,5,1.0,1,55.94,164392.0,SIN MARCA,0.0,0.0,0.0,2024-05-01
01001-03048,2024,5,4.0,1,10.49,164392.0,SIN MARCA,0.0,0.0,0.0,2024-05-01
01001-03049,2024,5,1.0,1,265.0,53022.0,SIN MARCA,0.0,0.0,0.0,2024-05-01
01001-03050,2024,5,1.0,1,550.0,90001.0,AUDI A4,0.0,0.0,0.0,2024-05-01
01001-03050,2026,3,1.0,1,1009.41,74155.0,AUDI A4,0.0,0.0,0.0,2026-03-01
01001-03051,2024,5,1.0,1,160.0,90001.0,SIN MARCA,0.0,0.0,0.0,2024-05-01
01001-03052,2024,5,1.0,1,10.0,90001.0,SIN MARCA,1.0,0.0,0.0,2024-05-01
01001-03053,2024,5,1.0,1,377.54,157326.0,SIN MARCA,0.0,0.0,0.0,2024-05-01
01001-03054,2024,5,1.0,1,307.63,157326.0,SIN MARCA,0.0,0.0,0.0,2024-05-01
01001-03055,2024,5,1.0,1,54.53,157326.0,SIN MARCA,0.0,0.0,0.0,2024-05-01
01001-03055,2024,7,1.0,1,95.0,311324.0,SIN MARCA,0.0,0.0,0.0,2024-07-01
01001-03056,2024,8,1.0,1,25.16,157326.0,SIN MARCA,0.0,0.0,0.0,2024-08-01
01001-03057,2024,5,1.0,1,16.78,157326.0,SIN MARCA,0.0,0.0,0.0,2024-05-01
01001-03058,2024,5,1.0,1,41.94,157326.0,HONDA ALT. CR-V TEMDO,1.0,0.0,0.0,2024-05-01
01001-03058,2024,9,1.0,1,29.66,1.0,HONDA ALT. CR-V TEMDO,1.0,0.0,0.0,2024-09-01
01001-03058,2024,11,1.0,1,41.94,138637.0,HONDA ALT. CR-V TEMDO,1.0,0.0,0.0,2024-11-01
01001-03058,2025,8,1.0,1,80.0,175990.0,HONDA ALT. CR-V TEMDO,1.0,0.0,0.0,2025-08-01
01001-03059,2024,5,4.0,1,10.49,157326.0,SIN MARCA,0.0,0.0,0.0,2024-05-01
01001-03060,2024,5,1.0,1,132.84,157326.0,SIN MARCA,0.0,0.0,0.0,2024-05-01
01001-03061,2024,5,1.0,1,37.75,157326.0,SIN MARCA,0.0,0.0,0.0,2024-05-01
01001-03061,2024,9,1.0,1,50.0,98457.0,SIN MARCA,0.0,0.0,0.0,2024-09-01
01001-03061,2025,3,1.0,1,37.75,134943.0,SIN MARCA,0.0,0.0,0.0,2025-03-01
01001-03061,2025,6,1.0,1,44.55,97417.0,SIN MARCA,0.0,0.0,0.0,2025-06-01
01001-03062,2024,5,4.0,1,174.42,47755.0,SIN MARCA,0.0,0.0,0.0,2024-05-01
01001-03063,2024,10,1.0,1,180.0,141924.0,SIN MARCA,0.0,0.0,0.0,2024-10-01
01001-03064,2024,8,4.0,1,24.0,138480.0,SIN MARCA,0.0,0.0,0.0,2024-08-01
01001-03065,2024,6,1.0,1,180.0,197467.0,SIN MARCA,0.0,0.0,0.0,2024-06-01
01001-03066,2024,9,1.0,1,207.09,129751.0,SIN MARCA,0.0,0.0,0.0,2024-09-01
01001-03067,2024,7,4.0,1,22.72,138199.0,SIN MARCA,0.0,0.0,0.0,2024-07-01
01001-03068,2024,7,1.0,1,406.0,51734.0,SIN MARCA,0.0,0.0,0.0,2024-07-01
01001-03068,2026,5,1.0,1,270.0,123250.0,SIN MARCA,0.0,0.0,0.0,2026-05-01
01001-03069,2024,7,1.0,1,27.97,91485.0,SIN MARCA,0.0,0.0,0.0,2024-07-01
01001-03069,2024,9,1.0,1,40.0,155959.0,SIN MARCA,0.0,0.0,0.0,2024-09-01
01001-03069,2025,4,2.0,2,27.97,113444.0,SIN MARCA,0.0,0.0,0.0,2025-04-01
01001-03070,2024,7,2.0,2,656.21,56289.0,SIN MARCA,0.0,0.0,0.0,2024-07-01
01001-03071,2024,8,1.0,1,240.0,98096.0,SIN MARCA,0.0,0.0,0.0,2024-08-01
01001-03072,2024,8,1.0,1,180.0,98096.0,SIN MARCA,0.0,0.0,0.0,2024-08-01
01001-03072,2024,12,1.0,1,79.0,109749.0,SIN MARCA,0.0,0.0,0.0,2024-12-01
01001-03072,2025,5,1.0,1,92.4,143357.0,SIN MARCA,0.0,0.0,0.0,2025-05-01
01001-03073,2024,8,4.0,1,35.0,98096.0,SIN MARCA,0.0,0.0,0.0,2024-08-01
01001-03074,2024,8,1.0,1,320.0,98096.0,SIN MARCA,0.0,0.0,0.0,2024-08-01
01001-03075,2024,9,1.0,1,760.0,92038.0,SIN MARCA,0.0,0.0,0.0,2024-09-01
01001-03076,2024,9,1.0,1,220.0,92038.0,SIN MARCA,0.0,0.0,0.0,2024-09-01
01001-03077,2024,8,1.0,1,70.0,129469.0,SIN MARCA,0.0,0.0,0.0,2024-08-01
01001-03078,2024,8,1.0,1,1800.0,129469.0,SIN MARCA,0.0,0.0,0.0,2024-08-01
01001-03078,2024,9,1.0,1,2100.0,155959.0,SIN MARCA,0.0,0.0,0.0,2024-09-01
01001-03079,2024,8,2.0,1,760.0,129469.0,SIN MARCA,0.0,0.0,0.0,2024-08-01
01001-03080,2024,8,1.0,1,460.0,129469.0,SIN MARCA,0.0,0.0,0.0,2024-08-01
01001-03081,2024,8,1.0,1,90.0,138480.0,SIN MARCA,0.0,0.0,0.0,2024-08-01
01001-03081,2024,9,1.0,1,50.0,98457.0,SIN MARCA,0.0,0.0,0.0,2024-09-01
01001-03082,2024,9,1.0,1,645.0,82075.0,CHAVEZ TUCSON 2011,0.0,0.0,0.0,2024-09-01
01001-03083,2024,9,1.0,1,645.0,82075.0,HONDA PILOT 09-15,0.0,0.0,0.0,2024-09-01
01001-03083,2025,7,2.0,2,820.0,141639.0,HONDA PILOT 09-15,0.0,0.0,0.0,2025-07-01
01001-03084,2024,9,1.0,1,140.0,129469.0,SIN MARCA,0.0,0.0,0.0,2024-09-01
01001-03085,2024,9,1.0,1,220.0,129469.0,SIN MARCA,0.0,0.0,0.0,2024-09-01
01001-03086,2024,9,1.0,1,1550.0,129469.0,SIN MARCA,0.0,0.0,0.0,2024-09-01
01001-03087,2024,9,1.0,1,80.0,155959.0,KIA CARNIVAL,0.0,0.0,0.0,2024-09-01
01001-03088,2024,9,1.0,1,25.0,98551.0,SIN MARCA,0.0,0.0,0.0,2024-09-01
01001-03089,2024,9,1.0,1,288.2,98551.0,SIN MARCA,0.0,0.0,0.0,2024-09-01
01001-03090,2024,9,1.0,1,35.0,258120.0,SIN MARCA,0.0,0.0,0.0,2024-09-01
01001-03091,2024,9,1.0,1,180.0,121154.0,HONDA PILOT 09-15,0.0,0.0,0.0,2024-09-01
01001-03091,2024,11,1.0,1,153.86,128220.0,HONDA PILOT 09-15,0.0,0.0,0.0,2024-11-01
01001-03091,2025,3,1.0,1,153.86,134943.0,HONDA PILOT 09-15,0.0,0.0,0.0,2025-03-01
01001-03091,2025,4,1.0,1,192.33,105124.0,HONDA PILOT 09-15,0.0,0.0,0.0,2025-04-01
01001-03091,2025,7,1.0,1,180.18,141639.0,HONDA PILOT 09-15,0.0,0.0,0.0,2025-07-01
01001-03091,2025,12,1.0,1,164.6,253127.0,HONDA PILOT 09-15,0.0,0.0,0.0,2025-12-01
01001-03091,2026,1,1.0,1,164.6,48153.0,HONDA PILOT 09-15,0.0,0.0,0.0,2026-01-01
01001-03092,2025,2,1.0,1,106.8,186286.0,HONDA,0.0,0.0,0.0,2025-02-01
01001-03092,2025,3,1.0,1,106.8,134943.0,HONDA,0.0,0.0,0.0,2025-03-01
01001-03093,2025,2,1.0,1,111.4,186286.0,HONDA,0.0,0.0,0.0,2025-02-01
01001-03093,2025,3,1.0,1,111.4,134943.0,HONDA,0.0,0.0,0.0,2025-03-01
01001-03094,2024,11,1.0,1,141.94,128220.0,HONDA,0.0,0.0,0.0,2024-11-01
01001-03094,2025,2,1.0,1,141.94,105124.0,HONDA,0.0,0.0,0.0,2025-02-01
01001-03095,2025,1,1.0,1,186.0,212091.0,HONDA PILOT 2012,0.0,0.0,0.0,2025-01-01
01001-03096,2025,1,1.0,1,186.0,212091.0,HONDA PILOT 2012,0.0,0.0,0.0,2025-01-01
01001-03097,2025,1,1.0,1,5.67,212091.0,HONDA PILOT 2012 / CR-V 2013,0.0,0.0,0.0,2025-01-01
01001-03099,2025,1,1.0,1,122.71,99440.0,ELRING BMW X1 2014,0.0,0.0,0.0,2025-01-01
01001-03100,2025,2,4.0,1,88.98,119124.0, BMW 316I  BOSCH ZR6SII3320,0.0,0.0,0.0,2025-02-01
01001-03100,2025,3,8.0,2,88.98,70955.0, BMW 316I  BOSCH ZR6SII3320,0.0,0.0,0.0,2025-03-01
01001-03104,2025,12,1.0,1,46.2,102096.0,HONDA ACCORD 2010 / CR-V 2013,0.0,0.0,0.0,2025-12-01
01001-03106,2025,8,1.0,1,27.18,175990.0,HONDA ACCORD 2010 / CR-V 2013,0.0,0.0,0.0,2025-08-01
01001-03106,2025,9,1.0,1,16.25,91601.0,HONDA ACCORD 2010 / CR-V 2013,0.0,0.0,0.0,2025-09-01
01001-03107,2025,3,1.0,1,438.0,214200.0,HONDA PILOT 2012,0.0,0.0,0.0,2025-03-01
01001-03108,2025,3,1.0,1,1049.0,214200.0,HONDA PILOT 2012,0.0,0.0,0.0,2025-03-01
01001-03109,2025,3,1.0,1,386.0,214200.0,HONDA PILOT 2012,0.0,0.0,0.0,2025-03-01
01001-03110,2025,3,1.0,1,732.0,214200.0,HONDA PILOT 2012,0.0,0.0,0.0,2025-03-01
01001-03111,2025,3,2.0,2,56.0,214200.0,HONDA PILOT 2012,0.0,0.0,0.0,2025-03-01
01001-03111,2025,5,2.0,2,56.0,215680.0,HONDA PILOT 2012,0.0,0.0,0.0,2025-05-01
01001-03112,2025,3,2.0,2,98.0,214200.0,HONDA PILOT 2012,0.0,0.0,0.0,2025-03-01
01001-03112,2025,5,1.0,1,98.0,215680.0,HONDA PILOT 2012,0.0,0.0,0.0,2025-05-01
01001-03113,2025,3,2.0,2,1103.0,214200.0,HONDA PILOT 2012,0.0,0.0,0.0,2025-03-01
01001-03114,2025,3,1.0,1,430.0,214200.0,COMPATIBLE HONDA PILOT 2012,0.0,0.0,0.0,2025-03-01
01001-03114,2025,5,1.0,1,430.0,215680.0,COMPATIBLE HONDA PILOT 2012,0.0,0.0,0.0,2025-05-01
01001-03115,2025,3,1.0,1,380.0,214200.0,COMPATIBLE HONDA PILOT 2012,0.0,0.0,0.0,2025-03-01
01001-03115,2025,5,1.0,1,380.0,215680.0,COMPATIBLE HONDA PILOT 2012,0.0,0.0,0.0,2025-05-01
01001-03116,2025,3,1.0,1,200.0,214200.0,COMPATIBLE HONDA PILOT 2012,0.0,0.0,0.0,2025-03-01
01001-03116,2025,5,1.0,1,200.0,215680.0,COMPATIBLE HONDA PILOT 2012,0.0,0.0,0.0,2025-05-01
01001-03117,2025,3,1.0,1,300.0,214200.0,COMPATIBLE HONDA PILOT 2012,0.0,0.0,0.0,2025-03-01
01001-03117,2025,5,1.0,1,300.0,215680.0,COMPATIBLE HONDA PILOT 2012,0.0,0.0,0.0,2025-05-01
01001-03120,2025,5,4.0,1,35.0,99448.0,NISSAN ALMERA 2010,0.0,0.0,0.0,2025-05-01
01001-03123,2025,5,1.0,1,111.0,97660.0,HONDA CR-V 2022,0.0,0.0,0.0,2025-05-01
01001-03123,2025,12,1.0,1,111.0,68630.0,HONDA CR-V 2022,0.0,0.0,0.0,2025-12-01
01001-03124,2025,7,2.0,2,39.0,141639.0,HONDA PILOT 09-15,0.0,0.0,0.0,2025-07-01
01001-03125,2025,8,1.0,1,34.66,175990.0,HONDA CR-V 2013,0.0,0.0,0.0,2025-08-01
01001-03126,2025,8,1.0,1,57.76,175990.0,HONDA CR-V 2013,0.0,0.0,0.0,2025-08-01
01001-03128,2025,10,8.0,2,159.87,77638.0,NGK IR LANDROVER DISCOVERY 2017 ILTR6G8G,0.0,0.0,0.0,2025-10-01
01001-03131,2025,11,1.0,1,475.0,98803.0,VEMO JETTA-GOLF 2009,0.0,0.0,0.0,2025-11-01
01001-03132,2025,11,1.0,1,82.0,98803.0,TOPRAN JETTA.09-GOL.16.8-TT.98.06,0.0,0.0,0.0,2025-11-01
01001-03133,2025,11,5.0,1,59.32,98803.0,DENSO IK20 JETTA.09,0.0,0.0,0.0,2025-11-01
01001-03133,2026,4,4.0,1,96.61,80558.0,DENSO IK20 JETTA.09,0.0,0.0,0.0,2026-04-01
01001-03134,2025,12,1.0,1,106.2,253127.0,HONDA PILOT 2012,0.0,0.0,0.0,2025-12-01
01001-03135,2025,12,1.0,1,37.9,253127.0,HONDA PILOT 2012,0.0,0.0,0.0,2025-12-01
01001-03135,2026,1,2.0,2,37.9,48153.0,HONDA PILOT 2012,0.0,0.0,0.0,2026-01-01
01001-03136,2025,12,1.0,1,35.3,253127.0,HONDA PILOT 2012,0.0,0.0,0.0,2025-12-01
01001-03137,2025,12,1.0,1,89.8,253127.0,HONDA PILOT 2012,0.0,0.0,0.0,2025-12-01
01001-03138,2025,12,1.0,1,146.5,253127.0,HONDA PILOT 2012,0.0,0.0,0.0,2025-12-01
01001-03139,2025,12,1.0,1,47.0,50253.0,HONDA ACCV6_'13-'17 / ODY_'18-'24 / PILOT '16-'22 / RID '17-'23,0.0,0.0,0.0,2025-12-01
01001-0325,2025,7,1.0,1,91.0,141639.0,HONDA PILOT 09-15,0.0,0.0,0.0,2025-07-01
01001-04001,2024,2,1.0,1,620.0,71378.0,SIN MARCA,0.0,0.0,0.0,2024-02-01
01001-04002,2024,3,2.0,1,40.0,66656.0,SIN MARCA,0.0,0.0,0.0,2024-03-01
01001-04002,2025,4,1.0,1,40.0,144740.0,SIN MARCA,0.0,0.0,0.0,2025-04-01
01001-04002,2025,7,5.0,3,40.0,220374.0,SIN MARCA,0.0,0.0,0.0,2025-07-01
01001-04002,2025,9,2.0,1,40.0,219958.0,SIN MARCA,0.0,0.0,0.0,2025-09-01
01001-04002,2025,11,2.0,1,40.0,98803.0,SIN MARCA,0.0,0.0,0.0,2025-11-01
01001-04002,2026,1,2.0,1,40.0,109330.0,SIN MARCA,0.0,0.0,0.0,2026-01-01
01001-04002,2026,5,2.0,2,40.0,126994.0,SIN MARCA,0.0,0.0,0.0,2026-05-01
01001-040022,2025,1,9.0,1,8.47,78334.0,ZEVA MOTORS,0.0,0.0,0.0,2025-01-01
01001-04003,2024,3,1.0,1,299.94,29224.0,SIN MARCA,0.0,0.0,0.0,2024-03-01
01001-04004,2024,4,2.0,1,235.0,59832.0,SIN MARCA,0.0,0.0,0.0,2024-04-01
01001-04005,2024,3,1.0,1,34.96,227207.0,SIN MARCA,0.0,0.0,0.0,2024-03-01
01001-04006,2024,9,1.0,1,118.65,1.0,SIN MARCA,0.0,0.0,0.0,2024-09-01
01001-04007,2024,5,2.0,1,3.45,157326.0,SIN MARCA,9.0,0.0,0.0,2024-05-01
01001-04007,2024,7,2.0,1,3.45,204581.0,SIN MARCA,9.0,0.0,0.0,2024-07-01
01001-04007,2024,8,2.0,2,6.725,64735.5,SIN MARCA,9.0,0.0,0.0,2024-08-01
01001-04007,2024,9,5.0,3,4.166666666666667,87641.0,SIN MARCA,9.0,0.0,0.0,2024-09-01
01001-04007,2024,10,1.0,1,4.2,106221.0,SIN MARCA,9.0,0.0,0.0,2024-10-01
01001-04007,2024,11,5.0,4,3.55,95602.25,SIN MARCA,9.0,0.0,0.0,2024-11-01
01001-04007,2025,2,4.0,1,3.55,81912.0,SIN MARCA,9.0,0.0,0.0,2025-02-01
01001-04007,2025,3,2.0,1,3.55,117533.0,SIN MARCA,9.0,0.0,0.0,2025-03-01
01001-04007,2025,4,4.0,3,3.5499999999999994,120455.33333333333,SIN MARCA,9.0,0.0,0.0,2025-04-01
01001-04007,2025,5,2.0,1,3.55,121212.0,SIN MARCA,9.0,0.0,0.0,2025-05-01
01001-04007,2025,7,8.0,3,3.5499999999999994,152632.33333333334,SIN MARCA,9.0,0.0,0.0,2025-07-01
01001-04007,2025,9,4.0,2,3.55,219958.0,SIN MARCA,9.0,0.0,0.0,2025-09-01
01001-04007,2025,11,2.0,1,3.55,98803.0,SIN MARCA,9.0,0.0,0.0,2025-11-01
01001-04007,2025,12,1.0,1,3.55,110881.0,SIN MARCA,9.0,0.0,0.0,2025-12-01
01001-04007,2026,1,4.0,2,3.55,109330.0,SIN MARCA,9.0,0.0,0.0,2026-01-01
01001-04007,2026,5,2.0,1,4.5,39189.0,SIN MARCA,9.0,0.0,0.0,2026-05-01
01001-04008,2024,5,2.0,1,6.75,157326.0,SIN MARCA,8.0,0.0,0.0,2024-05-01
01001-04008,2024,7,6.0,2,6.75,167166.0,SIN MARCA,8.0,0.0,0.0,2024-07-01
01001-04008,2024,8,1.0,1,15.0,2.0,SIN MARCA,8.0,0.0,0.0,2024-08-01
01001-04008,2024,9,3.0,2,7.675,66586.0,SIN MARCA,8.0,0.0,0.0,2024-09-01
01001-04008,2024,10,1.0,1,8.08,106221.0,SIN MARCA,8.0,0.0,0.0,2024-10-01
01001-04008,2024,11,4.0,3,6.849999999999999,100769.33333333333,SIN MARCA,8.0,0.0,0.0,2024-11-01
01001-04008,2025,2,4.0,1,6.85,81912.0,SIN MARCA,8.0,0.0,0.0,2025-02-01
01001-04008,2025,3,2.0,1,6.85,117533.0,SIN MARCA,8.0,0.0,0.0,2025-03-01
01001-04008,2025,4,5.0,4,6.85,126526.5,SIN MARCA,8.0,0.0,0.0,2025-04-01
01001-04008,2025,5,2.0,1,6.85,121212.0,SIN MARCA,8.0,0.0,0.0,2025-05-01
01001-04008,2025,7,8.0,3,6.849999999999999,152632.33333333334,SIN MARCA,8.0,0.0,0.0,2025-07-01
01001-04008,2025,9,4.0,2,6.85,219958.0,SIN MARCA,8.0,0.0,0.0,2025-09-01
01001-04008,2025,11,2.0,1,6.85,98803.0,SIN MARCA,8.0,0.0,0.0,2025-11-01
01001-04008,2025,12,1.0,1,6.85,110881.0,SIN MARCA,8.0,0.0,0.0,2025-12-01
01001-04008,2026,1,4.0,2,6.85,109330.0,SIN MARCA,8.0,0.0,0.0,2026-01-01
01001-04008,2026,5,2.0,1,8.5,39189.0,SIN MARCA,8.0,0.0,0.0,2026-05-01
01001-04009,2024,4,2.0,2,720.0,63197.0,SIN MARCA,0.0,0.0,0.0,2024-04-01
01001-04009,2024,6,1.0,1,741.0,139625.0,SIN MARCA,0.0,0.0,0.0,2024-06-01
01001-04010,2024,5,1.0,1,62.93,157326.0,SIN MARCA,0.0,0.0,0.0,2024-05-01
01001-04011,2024,5,1.0,1,37.75,157326.0,SIN MARCA,5.0,0.0,0.0,2024-05-01
01001-04012,2024,5,2.0,1,35.0,80590.0,SIN MARCA,0.0,0.0,0.0,2024-05-01
01001-04014,2024,7,2.0,1,320.0,204581.0,SIN MARCA,0.0,0.0,0.0,2024-07-01
01001-040145,2025,6,2.0,2,203.4,163608.0,RKD CR-V 2008,0.0,0.0,0.0,2025-06-01
01001-04015,2024,8,1.0,1,50.0,129469.0,SIN MARCA,1.0,0.0,0.0,2024-08-01
01001-04015,2024,9,2.0,1,40.0,129751.0,SIN MARCA,1.0,0.0,0.0,2024-09-01
01001-04015,2024,11,3.0,3,42.38,116809.0,SIN MARCA,1.0,0.0,0.0,2024-11-01
01001-04015,2025,7,1.0,1,42.38,158382.0,SIN MARCA,1.0,0.0,0.0,2025-07-01
01001-04015,2025,9,2.0,1,42.38,219958.0,SIN MARCA,1.0,0.0,0.0,2025-09-01
01001-04016,2024,8,1.0,1,90.0,138480.0,SIN MARCA,0.0,0.0,0.0,2024-08-01
01001-04016,2024,9,1.0,1,50.0,98457.0,SIN MARCA,0.0,0.0,0.0,2024-09-01
01001-04017,2024,9,1.0,1,188.87,121154.0,SIN MARCA,0.0,0.0,0.0,2024-09-01
01001-04018,2024,9,1.0,1,127.73,121154.0,SIN MARCA,0.0,0.0,0.0,2024-09-01
01001-04019,2024,9,2.0,2,60.25,121154.0,SIN MARCA,0.0,0.0,0.0,2024-09-01
01001-04020,2024,9,2.0,2,69.45,121154.0,SIN MARCA,0.0,0.0,0.0,2024-09-01
01001-04021,2024,9,1.0,1,41.2,121154.0,SIN MARCA,0.0,0.0,0.0,2024-09-01
01001-04022,2025,2,1.0,1,80.0,186593.0,HONDA PILOT 2016,0.0,0.0,0.0,2025-02-01
01001-0423,2025,2,2.0,1,77.5,186593.0,HONDA PILOT 2016,0.0,0.0,0.0,2025-02-01
01001-05001,2024,2,4.0,2,260.0,73427.0,SIN MARCA,0.0,0.0,0.0,2024-02-01
01001-05001,2024,9,2.0,1,195.0,100284.0,SIN MARCA,0.0,0.0,0.0,2024-09-01
01001-05002,2024,2,1.0,1,260.0,73427.0,SIN MARCA,0.0,0.0,0.0,2024-02-01
01001-05002,2024,6,1.0,1,375.0,197467.0,SIN MARCA,0.0,0.0,0.0,2024-06-01
01001-05002,2024,7,3.0,3,289.27,115933.33333333333,SIN MARCA,0.0,0.0,0.0,2024-07-01
01001-05002,2024,8,2.0,2,250.0,44215.5,SIN MARCA,0.0,0.0,0.0,2024-08-01
01001-05002,2024,9,3.0,3,250.0,97079.66666666667,SIN MARCA,0.0,0.0,0.0,2024-09-01
01001-05003,2024,3,2.0,1,247.5,66656.0,SIN MARCA,0.0,0.0,0.0,2024-03-01
01001-05004,2024,3,1.0,1,250.0,37206.0,SIN MARCA,0.0,0.0,0.0,2024-03-01
01001-05004,2024,7,2.0,2,360.0,204581.0,SIN MARCA,0.0,0.0,0.0,2024-07-01
01001-05004,2024,8,3.0,3,446.16333333333336,92933.66666666667,SIN MARCA,0.0,0.0,0.0,2024-08-01
01001-05005,2024,3,3.0,2,7.71,87919.0,SIN MARCA,1.0,0.0,0.0,2024-03-01
01001-05005,2024,8,1.0,1,10.0,41085.0,SIN MARCA,1.0,0.0,0.0,2024-08-01
01001-05005,2024,12,2.0,1,7.71,109749.0,SIN MARCA,1.0,0.0,0.0,2024-12-01
01001-05006,2024,3,2.0,1,335.0,13487.0,SIN MARCA,0.0,0.0,0.0,2024-03-01
01001-05007,2024,3,1.0,1,223.74,116006.0,HONDA CR-V,0.0,0.0,0.0,2024-03-01
01001-05007,2024,5,1.0,1,280.0,140165.0,HONDA CR-V,0.0,0.0,0.0,2024-05-01
01001-05008,2024,3,1.0,1,195.77,116006.0,HONDA CR-V,0.0,0.0,0.0,2024-03-01
01001-05008,2024,5,2.0,2,280.0,101148.0,HONDA CR-V,0.0,0.0,0.0,2024-05-01
01001-05009,2024,3,1.0,1,41.94,116006.0,SIN MARCA,0.0,0.0,0.0,2024-03-01
01001-05010,2024,3,1.0,1,590.24,48951.0,SIN MARCA,0.0,0.0,0.0,2024-03-01
01001-05011,2024,3,1.0,1,456.08,48951.0,SIN MARCA,0.0,0.0,0.0,2024-03-01
01001-05012,2024,3,2.0,1,43.15,48951.0,SIN MARCA,0.0,0.0,0.0,2024-03-01
01001-05013,2024,4,1.0,1,223.74,128382.0,SIN MARCA,0.0,0.0,0.0,2024-04-01
01001-05014,2024,4,1.0,1,153.83,128382.0,SIN MARCA,0.0,0.0,0.0,2024-04-01
01001-05015,2024,4,1.0,1,251.71,156615.0,HONDA CR-V,0.0,0.0,0.0,2024-04-01
01001-05016,2024,4,1.0,1,209.75,156615.0,HONDA CR-V,0.0,0.0,0.0,2024-04-01
01001-05016,2025,12,1.0,1,330.0,95649.0,HONDA CR-V,0.0,0.0,0.0,2025-12-01
01001-05017,2024,4,1.0,1,297.0,35600.0,SIN MARCA,0.0,0.0,0.0,2024-04-01
01001-05018,2024,4,1.0,1,223.74,152232.0,SIN MARCA,0.0,0.0,0.0,2024-04-01
01001-05019,2024,10,1.0,1,362.0,141924.0,SIN MARCA,0.0,0.0,0.0,2024-10-01
01001-05020,2024,10,1.0,1,315.0,141896.0,SIN MARCA,0.0,0.0,0.0,2024-10-01
01001-05021,2024,10,1.0,1,315.0,141896.0,SIN MARCA,0.0,0.0,0.0,2024-10-01
01001-05022,2024,10,1.0,1,60.0,141896.0,SIN MARCA,0.0,0.0,0.0,2024-10-01
01001-05023,2024,10,1.0,1,60.0,141896.0,SIN MARCA,0.0,0.0,0.0,2024-10-01
01001-05024,2024,4,1.0,1,258.69,252845.0,SIN MARCA,0.0,0.0,0.0,2024-04-01
01001-05025,2024,4,2.0,2,258.69,252845.0,SIN MARCA,0.0,0.0,0.0,2024-04-01
01001-05026,2024,4,1.0,1,2100.0,48622.0,SIN MARCA,0.0,0.0,0.0,2024-04-01
01001-05027,2024,4,2.0,1,445.0,48622.0,SIN MARCA,0.0,0.0,0.0,2024-04-01
01001-05028,2024,4,1.0,1,132.0,48622.0,SIN MARCA,0.0,0.0,0.0,2024-04-01
01001-05029,2024,4,1.0,1,363.56,133136.0,SIN MARCA,0.0,0.0,0.0,2024-04-01
01001-05030,2024,4,4.0,2,293.65,133136.0,SIN MARCA,0.0,0.0,0.0,2024-04-01
01001-05031,2024,4,1.0,1,490.0,73123.0,SIN MARCA,0.0,0.0,0.0,2024-04-01
01001-05032,2024,4,1.0,1,119.51,73123.0,SIN MARCA,0.0,0.0,0.0,2024-04-01
01001-05033,2024,4,1.0,1,119.51,73123.0,SIN MARCA,0.0,0.0,0.0,2024-04-01
01001-05034,2024,4,2.0,1,355.46,73123.0,SIN MARCA,0.0,0.0,0.0,2024-04-01
01001-05035,2024,4,2.0,1,536.25,60583.0,SIN MARCA,0.0,0.0,0.0,2024-04-01
01001-05036,2024,5,2.0,2,460.0,93750.0,SIN MARCA,0.0,0.0,0.0,2024-05-01
01001-05037,2024,5,1.0,1,460.0,93750.0,SIN MARCA,0.0,0.0,0.0,2024-05-01
01001-05038,2024,5,2.0,2,280.0,152891.0,SIN MARCA,0.0,0.0,0.0,2024-05-01
01001-05039,2024,5,1.0,1,356.85,82939.0,SIN MARCA,0.0,0.0,0.0,2024-05-01
01001-05040,2024,5,1.0,1,230.0,53022.0,SIN MARCA,0.0,0.0,0.0,2024-05-01
01001-05041,2024,5,1.0,1,525.0,53022.0,SIN MARCA,0.0,0.0,0.0,2024-05-01
01001-05042,2024,5,1.0,1,525.0,53022.0,SIN MARCA,0.0,0.0,0.0,2024-05-01
01001-05043,2024,5,1.0,1,265.0,112000.0,SIN MARCA,0.0,0.0,0.0,2024-05-01
01001-05044,2024,5,1.0,1,230.76,112000.0,SIN MARCA,0.0,0.0,0.0,2024-05-01
01001-05045,2024,5,1.0,1,419.5,53412.0,SIN MARCA,0.0,0.0,0.0,2024-05-01
01001-05046,2024,5,1.0,1,419.5,53412.0,SIN MARCA,0.0,0.0,0.0,2024-05-01
01001-05047,2024,6,1.0,1,315.0,112517.0,HONDA CR-V,0.0,0.0,0.0,2024-06-01
01001-05047,2024,8,1.0,1,295.0,72671.0,HONDA CR-V,0.0,0.0,0.0,2024-08-01
01001-05048,2024,6,1.0,1,265.0,112517.0,HONDA CR-V,0.0,0.0,0.0,2024-06-01
01001-05049,2024,6,1.0,1,260.0,84226.0,SIN MARCA,0.0,0.0,0.0,2024-06-01
01001-05050,2024,6,2.0,1,182.5,58338.0,SIN MARCA,0.0,0.0,0.0,2024-06-01
01001-05051,2024,10,1.0,1,784.7,68392.0,SIN MARCA,2.0,0.0,0.0,2024-10-01
01001-05053,2024,7,1.0,1,760.0,71712.0,SIN MARCA,0.0,0.0,0.0,2024-07-01
01001-05054,2024,7,1.0,1,160.0,71712.0,SIN MARCA,0.0,0.0,0.0,2024-07-01
01001-05055,2024,9,2.0,1,108.0,129751.0,SIN MARCA,0.0,0.0,0.0,2024-09-01
01001-05056,2024,9,2.0,1,107.25,129751.0,SIN MARCA,0.0,0.0,0.0,2024-09-01
01001-05057,2024,7,2.0,1,420.0,118842.0,SIN MARCA,0.0,0.0,0.0,2024-07-01
01001-05058,2024,7,2.0,1,125.0,118842.0,SIN MARCA,0.0,0.0,0.0,2024-07-01
01001-05059,2024,7,2.0,1,150.0,51734.0,SIN MARCA,0.0,0.0,0.0,2024-07-01
01001-05059,2024,8,2.0,1,90.0,41085.0,SIN MARCA,0.0,0.0,0.0,2024-08-01
01001-05060,2024,7,2.0,2,648.67,83387.0,SIN MARCA,0.0,0.0,0.0,2024-07-01
01001-05061,2024,7,2.0,2,648.67,83387.0,SIN MARCA,0.0,0.0,0.0,2024-07-01
01001-05062,2024,7,1.0,1,736.7,83387.0,SIN MARCA,0.0,0.0,0.0,2024-07-01
01001-05063,2024,7,1.0,1,736.7,83387.0,SIN MARCA,0.0,0.0,0.0,2024-07-01
01001-05064,2024,8,1.0,1,300.0,98096.0,SIN MARCA,0.0,0.0,0.0,2024-08-01
01001-05065,2024,9,2.0,1,50.0,90671.0,SIN MARCA,0.0,0.0,0.0,2024-09-01
01001-05066,2024,9,1.0,1,260.0,19459.0,SIN MARCA,0.0,0.0,0.0,2024-09-01
01001-05067,2024,9,1.0,1,260.0,19459.0,SIN MARCA,0.0,0.0,0.0,2024-09-01
01001-05068,2024,9,2.0,1,150.0,19459.0,SIN MARCA,0.0,0.0,0.0,2024-09-01
01001-05069,2024,9,2.0,1,150.0,19459.0,SIN MARCA,0.0,0.0,0.0,2024-09-01
01001-05070,2024,9,2.0,2,325.0,51097.0,SIN MARCA,0.0,0.0,0.0,2024-09-01
01001-05071,2024,9,1.0,1,325.0,51097.0,SIN MARCA,0.0,0.0,0.0,2024-09-01
01001-05072,2024,9,2.0,1,100.0,51097.0,SIN MARCA,0.0,0.0,0.0,2024-09-01
01001-05073,2024,9,1.0,1,400.0,51097.0,SIN MARCA,0.0,0.0,0.0,2024-09-01
01001-05074,2024,9,1.0,1,400.0,51097.0,SIN MARCA,0.0,0.0,0.0,2024-09-01
01001-05075,2024,11,1.0,1,320.0,131457.0,TOYAMA (ACCORD),0.0,0.0,0.0,2024-11-01
01001-05076,2024,11,1.0,1,320.0,131457.0,TOYAMA (ACCORD),0.0,0.0,0.0,2024-11-01
01001-05077,2025,1,2.0,1,718.0,19600.0,MERCEDES-BENZ (GLA180 '19),0.0,0.0,0.0,2025-01-01
01001-05078,2025,2,1.0,1,305.09,119124.0,BMW 316I LPR CERAMICA ITALIANA,0.0,0.0,0.0,2025-02-01
01001-05079,2025,2,1.0,1,169.5,119124.0,BMW 316I DYNAMIC,0.0,0.0,0.0,2025-02-01
01001-05080,2025,6,1.0,1,186.44,163608.0,STP CR-V 2008,0.0,0.0,0.0,2025-06-01
01001-05081,2026,1,1.0,1,474.58,117517.0,SAMKO VOLVO S90 XC90 V90II 2018-2019,0.0,0.0,0.0,2026-01-01
01001-05081,2026,5,1.0,1,474.58,123089.0,SAMKO VOLVO S90 XC90 V90II 2018-2019,0.0,0.0,0.0,2026-05-01
01001-05083,2026,2,1.0,1,480.0,63170.0,SAMKO AUDI Q5 2015,0.0,0.0,0.0,2026-02-01
01001-06001,2024,2,1.0,1,32.0,73427.0,MANN FILTER C29021,0.0,0.0,0.0,2024-02-01
01001-06001,2024,4,1.0,1,28.0,63197.0,MANN FILTER C29021,0.0,0.0,0.0,2024-04-01
01001-06001,2024,8,3.0,3,105.91666666666667,74319.33333333333,MANN FILTER C29021,0.0,0.0,0.0,2024-08-01
01001-06001,2024,9,5.0,5,50.2,103279.4,MANN FILTER C29021,0.0,0.0,0.0,2024-09-01
01001-06001,2024,10,3.0,3,59.0,84089.33333333333,MANN FILTER C29021,0.0,0.0,0.0,2024-10-01
01001-06001,2025,12,1.0,1,25.18,20206.0,MANN FILTER C29021,0.0,0.0,0.0,2025-12-01
01001-06001,2026,1,2.0,2,54.0,44550.0,MANN FILTER C29021,0.0,0.0,0.0,2026-01-01
01001-06002,2024,2,3.0,3,23.326666666666664,116449.33333333333,SIN MARCA,0.0,0.0,0.0,2024-02-01
01001-06002,2024,3,7.0,7,34.78142857142857,57410.0,SIN MARCA,0.0,0.0,0.0,2024-03-01
01001-06002,2024,4,9.0,9,30.995555555555555,84311.88888888889,SIN MARCA,0.0,0.0,0.0,2024-04-01
01001-06002,2024,5,6.0,6,29.83,93550.5,SIN MARCA,0.0,0.0,0.0,2024-05-01
01001-06002,2024,6,5.0,5,35.0,84916.8,SIN MARCA,0.0,0.0,0.0,2024-06-01
01001-06002,2024,7,2.0,2,75.0,105389.0,SIN MARCA,0.0,0.0,0.0,2024-07-01
01001-06002,2024,8,5.0,5,42.8,87036.2,SIN MARCA,0.0,0.0,0.0,2024-08-01
01001-06003,2024,2,1.0,1,39.0,73427.0,SIN MARCA,0.0,0.0,0.0,2024-02-01
01001-06003,2024,3,2.0,2,27.97,49723.0,SIN MARCA,0.0,0.0,0.0,2024-03-01
01001-06003,2024,4,9.0,8,55.426249999999996,99079.25,SIN MARCA,0.0,0.0,0.0,2024-04-01
01001-06003,2024,5,2.0,2,51.485,152278.5,SIN MARCA,0.0,0.0,0.0,2024-05-01
01001-06003,2024,6,1.0,1,75.0,84226.0,SIN MARCA,0.0,0.0,0.0,2024-06-01
01001-06003,2024,8,3.0,3,139.14333333333335,74319.33333333333,SIN MARCA,0.0,0.0,0.0,2024-08-01
01001-06003,2024,9,6.0,6,67.41666666666667,96181.83333333333,SIN MARCA,0.0,0.0,0.0,2024-09-01
01001-06003,2024,10,2.0,2,65.0,46475.0,SIN MARCA,0.0,0.0,0.0,2024-10-01
01001-06003,2024,12,1.0,1,59.5,109749.0,SIN MARCA,0.0,0.0,0.0,2024-12-01
01001-06003,2025,10,2.0,2,65.0,95647.0,SIN MARCA,0.0,0.0,0.0,2025-10-01
01001-06003,2025,11,2.0,2,80.0,73298.5,SIN MARCA,0.0,0.0,0.0,2025-11-01
01001-06003,2025,12,3.0,3,43.64666666666667,22499.0,SIN MARCA,0.0,0.0,0.0,2025-12-01
01001-06003,2026,1,2.0,2,75.0,52372.5,SIN MARCA,0.0,0.0,0.0,2026-01-01
01001-06003,2026,2,1.0,1,85.0,65401.0,SIN MARCA,0.0,0.0,0.0,2026-02-01
01001-06003,2026,4,1.0,1,85.0,95283.0,SIN MARCA,0.0,0.0,0.0,2026-04-01
01001-06004,2024,3,1.0,1,119.44,79530.0,MANN FILTER AUDI A1 (2014 ),0.0,0.0,0.0,2024-03-01
01001-06005,2024,2,1.0,1,27.97,132586.0,MANN FILTER VOLVO XC40 (2020),0.0,0.0,0.0,2024-02-01
01001-06005,2024,8,1.0,1,45.0,83841.0,MANN FILTER VOLVO XC40 (2020),0.0,0.0,0.0,2024-08-01
01001-06006,2024,2,1.0,1,32.18,132586.0,SIN MARCA,0.0,0.0,0.0,2024-02-01
01001-06006,2024,8,1.0,1,65.0,83841.0,SIN MARCA,0.0,0.0,0.0,2024-08-01
01001-06007,2024,3,1.0,1,27.97,37206.0,SIN MARCA,0.0,0.0,0.0,2024-03-01
01001-06007,2024,4,1.0,1,30.77,152232.0,SIN MARCA,0.0,0.0,0.0,2024-04-01
01001-06008,2024,3,1.0,1,99.0,51515.0,SIN MARCA,0.0,0.0,0.0,2024-03-01
01001-06009,2024,3,1.0,1,145.0,51515.0,5Q.0129.620.B VW TIGUAL 2018,0.0,0.0,0.0,2024-03-01
01001-06010,2024,3,1.0,1,195.0,51515.0,SIN MARCA,0.0,0.0,0.0,2024-03-01
01001-06011,2024,3,1.0,1,45.0,16870.0,SIN MARCA,1.0,0.0,0.0,2024-03-01
01001-06012,2024,3,1.0,1,37.8,16870.0,SIN MARCA,0.0,0.0,0.0,2024-03-01
01001-06013,2024,3,1.0,1,42.0,16870.0,SIN MARCA,0.0,0.0,0.0,2024-03-01
01001-06014,2024,3,2.0,2,35.0,64855.0,HONDA,0.0,0.0,0.0,2024-03-01
01001-06014,2024,7,5.0,5,32.396,57752.8,HONDA,0.0,0.0,0.0,2024-07-01
01001-06014,2024,8,3.0,3,39.666666666666664,111197.33333333333,HONDA,0.0,0.0,0.0,2024-08-01
01001-06014,2025,1,4.0,4,35.0,84607.25,HONDA,0.0,0.0,0.0,2025-01-01
01001-06014,2025,2,2.0,2,35.0,75591.0,HONDA,0.0,0.0,0.0,2025-02-01
01001-06014,2025,4,1.0,1,35.0,34927.0,HONDA,0.0,0.0,0.0,2025-04-01
01001-06014,2025,7,1.0,1,45.0,67906.0,HONDA,0.0,0.0,0.0,2025-07-01
01001-06014,2025,11,1.0,1,45.0,81286.0,HONDA,0.0,0.0,0.0,2025-11-01
01001-06014,2026,4,3.0,3,47.0,58494.0,HONDA,0.0,0.0,0.0,2026-04-01
01001-06014,2026,5,7.0,4,45.0,69024.5,HONDA,0.0,0.0,0.0,2026-05-01
01001-06015,2024,3,1.0,1,195.0,64988.0,MANN FILTER   VOLVO XC40 (2020),0.0,0.0,0.0,2024-03-01
01001-06015,2024,7,1.0,1,107.09,36553.0,MANN FILTER   VOLVO XC40 (2020),0.0,0.0,0.0,2024-07-01
01001-06015,2024,8,1.0,1,125.0,46643.0,MANN FILTER   VOLVO XC40 (2020),0.0,0.0,0.0,2024-08-01
01001-06015,2024,12,1.0,1,162.0,71377.0,MANN FILTER   VOLVO XC40 (2020),0.0,0.0,0.0,2024-12-01
01001-06015,2025,2,1.0,1,72.88,87300.0,MANN FILTER   VOLVO XC40 (2020),0.0,0.0,0.0,2025-02-01
01001-06016,2024,3,1.0,1,85.0,64988.0,SIN MARCA,0.0,0.0,0.0,2024-03-01
01001-06016,2024,7,1.0,1,56.42,36553.0,SIN MARCA,0.0,0.0,0.0,2024-07-01
01001-06016,2024,8,1.0,1,100.0,46643.0,SIN MARCA,0.0,0.0,0.0,2024-08-01
01001-06016,2024,12,2.0,2,85.0,71377.0,SIN MARCA,0.0,0.0,0.0,2024-12-01
01001-06017,2024,3,1.0,1,145.0,64988.0,SIN MARCA,0.0,0.0,0.0,2024-03-01
01001-06017,2024,7,1.0,1,104.25,36553.0,SIN MARCA,0.0,0.0,0.0,2024-07-01
01001-06017,2024,8,2.0,1,106.0,46643.0,SIN MARCA,0.0,0.0,0.0,2024-08-01
01001-06017,2024,12,2.0,2,149.0,71377.0,SIN MARCA,0.0,0.0,0.0,2024-12-01
01001-06018,2024,3,1.0,1,27.97,60462.0,SIN MARCA,0.0,0.0,0.0,2024-03-01
01001-06019,2024,3,1.0,1,27.97,60462.0,SIN MARCA,0.0,0.0,0.0,2024-03-01
01001-06020,2024,3,2.0,2,32.18,62240.0,SIN MARCA,0.0,0.0,0.0,2024-03-01
01001-06020,2024,4,3.0,3,46.333333333333336,27444.666666666668,SIN MARCA,0.0,0.0,0.0,2024-04-01
01001-06020,2024,8,1.0,1,45.0,138480.0,SIN MARCA,0.0,0.0,0.0,2024-08-01
01001-06021,2024,4,1.0,1,75.0,59832.0,SIN MARCA,0.0,0.0,0.0,2024-04-01
01001-06022,2024,3,1.0,1,27.97,78032.0,SIN MARCA,0.0,0.0,0.0,2024-03-01
01001-06022,2024,5,1.0,1,27.97,164392.0,SIN MARCA,0.0,0.0,0.0,2024-05-01
01001-06023,2024,3,1.0,1,19.59,78032.0,SIN MARCA,0.0,0.0,0.0,2024-03-01
01001-06024,2024,3,1.0,1,34.96,78032.0,SIN MARCA,0.0,0.0,0.0,2024-03-01
01001-06024,2024,6,2.0,2,80.0,61612.5,SIN MARCA,0.0,0.0,0.0,2024-06-01
01001-06024,2024,8,1.0,1,75.0,41085.0,SIN MARCA,0.0,0.0,0.0,2024-08-01
01001-06025,2024,4,1.0,1,27.97,156615.0,KUSA (CR-V 2007-2011),0.0,0.0,0.0,2024-04-01
01001-06025,2024,5,1.0,1,45.0,140165.0,KUSA (CR-V 2007-2011),0.0,0.0,0.0,2024-05-01
01001-06025,2024,12,3.0,3,68.36333333333333,134713.66666666666,KUSA (CR-V 2007-2011),0.0,0.0,0.0,2024-12-01
01001-06025,2025,4,1.0,1,55.09,101115.0,KUSA (CR-V 2007-2011),0.0,0.0,0.0,2025-04-01
01001-06025,2025,5,2.0,2,45.545,30951.5,KUSA (CR-V 2007-2011),0.0,0.0,0.0,2025-05-01
01001-06026,2024,4,1.0,1,19.59,156615.0,WIX WL7504 VW TIGUAN 2018,0.0,0.0,0.0,2024-04-01
01001-06026,2024,5,1.0,1,35.0,140165.0,WIX WL7504 VW TIGUAN 2018,0.0,0.0,0.0,2024-05-01
01001-06026,2025,2,2.0,2,19.59,79253.0,WIX WL7504 VW TIGUAN 2018,0.0,0.0,0.0,2025-02-01
01001-06026,2026,2,2.0,2,41.5,127582.0,WIX WL7504 VW TIGUAN 2018,0.0,0.0,0.0,2026-02-01
01001-06027,2024,3,1.0,1,45.0,121583.0,HONDA,0.0,0.0,0.0,2024-03-01
01001-06027,2024,4,1.0,1,45.0,67611.0,HONDA,0.0,0.0,0.0,2024-04-01
01001-06027,2024,6,1.0,1,45.0,112517.0,HONDA,0.0,0.0,0.0,2024-06-01
01001-06027,2024,7,4.0,4,109.24,109736.75,HONDA,0.0,0.0,0.0,2024-07-01
01001-06027,2024,8,2.0,2,55.0,101044.5,HONDA,0.0,0.0,0.0,2024-08-01
01001-06027,2024,9,2.0,2,61.5,100873.0,HONDA,0.0,0.0,0.0,2024-09-01
01001-06027,2024,12,4.0,4,65.0,66774.5,HONDA,0.0,0.0,0.0,2024-12-01
01001-06027,2025,1,7.0,7,62.214285714285715,73158.42857142857,HONDA,0.0,0.0,0.0,2025-01-01
01001-06027,2025,2,7.0,7,65.0,82315.42857142857,HONDA,0.0,0.0,0.0,2025-02-01
01001-06027,2025,3,4.0,4,65.0,142922.75,HONDA,0.0,0.0,0.0,2025-03-01
01001-06027,2025,4,8.0,8,63.125,89025.75,HONDA,0.0,0.0,0.0,2025-04-01
01001-06027,2025,5,7.0,7,65.0,103763.71428571429,HONDA,0.0,0.0,0.0,2025-05-01
01001-06027,2025,6,11.0,11,65.0,90186.45454545454,HONDA,0.0,0.0,0.0,2025-06-01
01001-06027,2025,7,12.0,12,65.0,100465.16666666667,HONDA,0.0,0.0,0.0,2025-07-01
01001-06027,2025,8,4.0,4,79.25,49572.0,HONDA,0.0,0.0,0.0,2025-08-01
01001-06027,2025,9,3.0,3,65.0,173777.0,HONDA,0.0,0.0,0.0,2025-09-01
01001-06027,2025,10,6.0,6,65.0,97728.5,HONDA,0.0,0.0,0.0,2025-10-01
01001-06027,2025,11,5.0,5,65.0,86421.2,HONDA,0.0,0.0,0.0,2025-11-01
01001-06027,2025,12,8.0,8,65.0,75908.0,HONDA,0.0,0.0,0.0,2025-12-01
01001-06027,2026,1,6.0,6,65.0,118428.0,HONDA,0.0,0.0,0.0,2026-01-01
01001-06027,2026,2,16.0,16,65.625,84659.0,HONDA,0.0,0.0,0.0,2026-02-01
01001-06027,2026,3,4.0,4,65.0,64881.5,HONDA,0.0,0.0,0.0,2026-03-01
01001-06027,2026,4,7.0,7,65.0,87223.71428571429,HONDA,0.0,0.0,0.0,2026-04-01
01001-06027,2026,5,9.0,9,61.666666666666664,79564.44444444444,HONDA,0.0,0.0,0.0,2026-05-01
01001-06028,2024,3,1.0,1,85.0,121583.0,CR-V,0.0,0.0,0.0,2024-03-01
01001-06028,2024,4,1.0,1,65.0,67611.0,CR-V,0.0,0.0,0.0,2024-04-01
01001-06028,2024,5,1.0,1,75.0,31395.0,CR-V,0.0,0.0,0.0,2024-05-01
01001-06028,2024,6,1.0,1,50.0,112517.0,CR-V,0.0,0.0,0.0,2024-06-01
01001-06028,2024,7,5.0,5,115.992,91338.6,CR-V,0.0,0.0,0.0,2024-07-01
01001-06028,2024,8,2.0,2,75.0,101044.5,CR-V,0.0,0.0,0.0,2024-08-01
01001-06028,2024,9,3.0,2,62.5,100873.0,CR-V,0.0,0.0,0.0,2024-09-01
01001-06028,2024,12,3.0,3,61.653333333333336,93581.66666666667,CR-V,0.0,0.0,0.0,2024-12-01
01001-06028,2025,1,5.0,5,75.0,88932.0,CR-V,0.0,0.0,0.0,2025-01-01
01001-06028,2025,2,7.0,7,75.0,80359.57142857143,CR-V,0.0,0.0,0.0,2025-02-01
01001-06028,2025,3,4.0,4,68.75,88340.5,CR-V,0.0,0.0,0.0,2025-03-01
01001-06028,2025,4,8.0,8,75.0,81667.25,CR-V,0.0,0.0,0.0,2025-04-01
01001-06028,2025,5,12.0,12,72.08333333333333,89474.25,CR-V,0.0,0.0,0.0,2025-05-01
01001-06028,2025,6,9.0,9,75.0,89322.11111111111,CR-V,0.0,0.0,0.0,2025-06-01
01001-06028,2025,7,9.0,9,75.0,103377.33333333333,CR-V,0.0,0.0,0.0,2025-07-01
01001-06028,2025,8,5.0,5,97.0,43591.6,CR-V,0.0,0.0,0.0,2025-08-01
01001-06028,2025,9,3.0,3,75.0,173777.0,CR-V,0.0,0.0,0.0,2025-09-01
01001-06028,2025,10,6.0,6,75.0,98569.16666666667,CR-V,0.0,0.0,0.0,2025-10-01
01001-06028,2025,11,4.0,4,75.0,90441.5,CR-V,0.0,0.0,0.0,2025-11-01
01001-06028,2025,12,7.0,7,75.0,65077.28571428572,CR-V,0.0,0.0,0.0,2025-12-01
01001-06028,2026,1,7.0,7,75.0,116261.85714285714,CR-V,0.0,0.0,0.0,2026-01-01
01001-06028,2026,2,19.0,19,70.78947368421052,94065.1052631579,CR-V,0.0,0.0,0.0,2026-02-01
01001-06028,2026,3,4.0,4,75.0,64881.5,CR-V,0.0,0.0,0.0,2026-03-01
01001-06028,2026,4,8.0,8,75.0,86390.5,CR-V,0.0,0.0,0.0,2026-04-01
01001-06028,2026,5,11.0,11,72.27272727272727,72813.90909090909,CR-V,0.0,0.0,0.0,2026-05-01
01001-06029,2024,3,1.0,1,27.97,15138.0,SIN MARCA,0.0,0.0,0.0,2024-03-01
01001-06030,2024,3,1.0,1,34.96,15138.0,SIN MARCA,0.0,0.0,0.0,2024-03-01
01001-06030,2026,2,1.0,1,62.0,87948.0,SIN MARCA,0.0,0.0,0.0,2026-02-01
01001-06031,2024,3,1.0,1,85.0,51846.0,MANN FILTER AUDI Q5 2015,0.0,0.0,0.0,2024-03-01
01001-06031,2025,1,1.0,1,70.92,58998.0,MANN FILTER AUDI Q5 2015,0.0,0.0,0.0,2025-01-01
01001-06031,2025,2,2.0,2,70.92,49545.0,MANN FILTER AUDI Q5 2015,0.0,0.0,0.0,2025-02-01
01001-06031,2025,3,1.0,1,85.0,57874.0,MANN FILTER AUDI Q5 2015,0.0,0.0,0.0,2025-03-01
01001-06031,2025,4,1.0,1,70.92,85239.0,MANN FILTER AUDI Q5 2015,0.0,0.0,0.0,2025-04-01
01001-06031,2025,11,1.0,1,72.0,66657.0,MANN FILTER AUDI Q5 2015,0.0,0.0,0.0,2025-11-01
01001-06031,2026,2,1.0,1,85.0,63170.0,MANN FILTER AUDI Q5 2015,0.0,0.0,0.0,2026-02-01
01001-06031,2026,3,1.0,1,70.92,74155.0,MANN FILTER AUDI Q5 2015,0.0,0.0,0.0,2026-03-01
01001-06032,2024,3,1.0,1,131.74,51846.0,MANN FILTER AUDI A1 (2014),0.0,0.0,0.0,2024-03-01
01001-06032,2025,3,1.0,1,131.74,57874.0,MANN FILTER AUDI A1 (2014),0.0,0.0,0.0,2025-03-01
01001-06033,2024,3,1.0,1,145.0,51846.0,SIN MARCA,0.0,0.0,0.0,2024-03-01
01001-06033,2025,3,2.0,2,145.0,57874.0,SIN MARCA,0.0,0.0,0.0,2025-03-01
01001-06034,2024,4,1.0,1,48.96,128382.0,SIN MARCA,0.0,0.0,0.0,2024-04-01
01001-06035,2024,4,1.0,1,34.96,128382.0,SIN MARCA,0.0,0.0,0.0,2024-04-01
01001-06035,2026,1,1.0,1,34.96,169879.0,SIN MARCA,0.0,0.0,0.0,2026-01-01
01001-06036,2024,4,1.0,1,132.0,47368.0,MANNFILTER MERCEDES ML350 2013,2.0,0.0,0.0,2024-04-01
01001-06036,2024,6,2.0,2,96.0,22924.0,MANNFILTER MERCEDES ML350 2013,2.0,0.0,0.0,2024-06-01
01001-06036,2024,7,1.0,1,96.0,32377.0,MANNFILTER MERCEDES ML350 2013,2.0,0.0,0.0,2024-07-01
01001-06036,2024,8,1.0,1,71.5,17960.0,MANNFILTER MERCEDES ML350 2013,2.0,0.0,0.0,2024-08-01
01001-06036,2025,3,2.0,2,69.0,66030.5,MANNFILTER MERCEDES ML350 2013,2.0,0.0,0.0,2025-03-01
01001-06036,2025,4,1.0,1,100.0,64524.0,MANNFILTER MERCEDES ML350 2013,2.0,0.0,0.0,2025-04-01
01001-06036,2025,5,1.0,1,55.0,78835.0,MANNFILTER MERCEDES ML350 2013,2.0,0.0,0.0,2025-05-01
01001-06036,2025,6,2.0,2,139.0,118857.0,MANNFILTER MERCEDES ML350 2013,2.0,0.0,0.0,2025-06-01
01001-06036,2025,8,1.0,1,87.25,80032.0,MANNFILTER MERCEDES ML350 2013,2.0,0.0,0.0,2025-08-01
01001-06036,2025,9,1.0,1,86.0,23673.0,MANNFILTER MERCEDES ML350 2013,2.0,0.0,0.0,2025-09-01
01001-06036,2025,11,1.0,1,60.56,31760.0,MANNFILTER MERCEDES ML350 2013,2.0,0.0,0.0,2025-11-01
01001-06036,2026,2,1.0,1,58.0,143155.0,MANNFILTER MERCEDES ML350 2013,2.0,0.0,0.0,2026-02-01
01001-06037,2024,4,1.0,1,143.0,47368.0,BLUEPRINT MERCEDES ML350 2013,0.0,0.0,0.0,2024-04-01
01001-06037,2024,7,2.0,2,89.0,32377.0,BLUEPRINT MERCEDES ML350 2013,0.0,0.0,0.0,2024-07-01
01001-06037,2025,5,1.0,1,115.0,78835.0,BLUEPRINT MERCEDES ML350 2013,0.0,0.0,0.0,2025-05-01
01001-06037,2025,6,1.0,1,136.0,110889.0,BLUEPRINT MERCEDES ML350 2013,0.0,0.0,0.0,2025-06-01
01001-06038,2024,4,1.0,1,185.0,47368.0,FEBI MERCEDES ML350 2013,0.0,0.0,0.0,2024-04-01
01001-06038,2024,7,1.0,1,145.0,32377.0,FEBI MERCEDES ML350 2013,0.0,0.0,0.0,2024-07-01
01001-06038,2025,6,1.0,1,270.0,110889.0,FEBI MERCEDES ML350 2013,0.0,0.0,0.0,2025-06-01
01001-06039,2024,4,1.0,1,27.97,169782.0,SIN MARCA,0.0,0.0,0.0,2024-04-01
01001-06040,2024,4,1.0,1,19.59,169782.0,MANN FILTER VOLVO XC40 (2020),0.0,0.0,0.0,2024-04-01
01001-06040,2024,11,1.0,1,35.0,174222.0,MANN FILTER VOLVO XC40 (2020),0.0,0.0,0.0,2024-11-01
01001-06040,2025,12,1.0,1,45.0,179730.0,MANN FILTER VOLVO XC40 (2020),0.0,0.0,0.0,2025-12-01
01001-06040,2026,4,1.0,1,102.62,57107.0,MANN FILTER VOLVO XC40 (2020),0.0,0.0,0.0,2026-04-01
01001-06041,2024,4,1.0,1,22.0,63197.0,SIN MARCA,0.0,0.0,0.0,2024-04-01
01001-06042,2024,4,1.0,1,45.0,114021.0,SIN MARCA,0.0,0.0,0.0,2024-04-01
01001-06042,2024,7,1.0,1,65.0,66491.0,SIN MARCA,0.0,0.0,0.0,2024-07-01
01001-06042,2024,8,1.0,1,45.0,47346.0,SIN MARCA,0.0,0.0,0.0,2024-08-01
01001-06042,2024,9,1.0,1,55.0,50797.0,SIN MARCA,0.0,0.0,0.0,2024-09-01
01001-06043,2024,4,1.0,1,40.0,63196.0,SIN MARCA,0.0,0.0,0.0,2024-04-01
01001-06044,2024,4,1.0,1,32.0,63196.0,MANN FILTER AUDI A1 (214),0.0,0.0,0.0,2024-04-01
01001-06045,2024,4,1.0,1,65.0,63196.0,SIN MARCA,0.0,0.0,0.0,2024-04-01
01001-06046,2024,4,1.0,1,95.0,114209.0,PLUSPART BMA M135/330I/E90/X3/2012,0.0,0.0,0.0,2024-04-01
01001-06046,2025,11,1.0,1,59.45,63031.0,PLUSPART BMA M135/330I/E90/X3/2012,0.0,0.0,0.0,2025-11-01
01001-06046,2026,1,1.0,1,59.45,91044.0,PLUSPART BMA M135/330I/E90/X3/2012,0.0,0.0,0.0,2026-01-01
01001-06047,2024,4,1.0,1,130.0,114209.0,SIN MARCA,0.0,0.0,0.0,2024-04-01
01001-06048,2024,4,1.0,1,190.0,114209.0,SIN MARCA,0.0,0.0,0.0,2024-04-01
01001-06048,2024,7,1.0,1,163.07,56166.0,SIN MARCA,0.0,0.0,0.0,2024-07-01
01001-06049,2024,4,1.0,1,85.0,48622.0,SIN MARCA,1.0,0.0,0.0,2024-04-01
01001-06049,2024,7,2.0,2,80.0,99549.0,SIN MARCA,1.0,0.0,0.0,2024-07-01
01001-06049,2024,8,1.0,1,65.0,129469.0,SIN MARCA,1.0,0.0,0.0,2024-08-01
01001-06049,2024,9,2.0,2,65.0,129469.0,SIN MARCA,1.0,0.0,0.0,2024-09-01
01001-06050,2024,4,2.0,2,165.0,48622.0,SIN MARCA,0.0,0.0,0.0,2024-04-01
01001-06051,2024,4,1.0,1,115.5,48622.0,SIN MARCA,0.0,0.0,0.0,2024-04-01
01001-06052,2024,4,1.0,1,34.96,133136.0,SIN MARCA,0.0,0.0,0.0,2024-04-01
01001-06053,2024,4,1.0,1,489.06,73123.0,SIN MARCA,0.0,0.0,0.0,2024-04-01
01001-06054,2024,4,1.0,1,165.0,64953.0,SIN MARCA,0.0,0.0,0.0,2024-04-01
01001-06055,2024,4,1.0,1,65.0,64953.0,SIN MARCA,0.0,0.0,0.0,2024-04-01
01001-06056,2024,4,1.0,1,52.0,60583.0,SIN MARCA,0.0,0.0,0.0,2024-04-01
01001-06056,2024,5,2.0,2,55.0,31395.0,SIN MARCA,0.0,0.0,0.0,2024-05-01
01001-06056,2024,7,1.0,1,60.0,17746.0,SIN MARCA,0.0,0.0,0.0,2024-07-01
01001-06057,2024,5,1.0,1,39.0,93750.0,COMPATIBLE JEEP,0.0,0.0,0.0,2024-05-01
01001-06057,2024,12,1.0,1,45.0,28353.0,COMPATIBLE JEEP,0.0,0.0,0.0,2024-12-01
01001-06057,2025,5,1.0,1,45.0,108148.0,COMPATIBLE JEEP,0.0,0.0,0.0,2025-05-01
01001-06057,2025,6,1.0,1,45.0,113861.0,COMPATIBLE JEEP,0.0,0.0,0.0,2025-06-01
01001-06058,2024,5,1.0,1,45.0,49235.0,SIN MARCA,0.0,0.0,0.0,2024-05-01
01001-06058,2024,8,1.0,1,45.0,56510.0,SIN MARCA,0.0,0.0,0.0,2024-08-01
01001-06058,2025,10,1.0,1,45.0,80218.0,SIN MARCA,0.0,0.0,0.0,2025-10-01
01001-06059,2024,5,2.0,2,35.0,49235.0,SIN MARCA,0.0,0.0,0.0,2024-05-01
01001-06059,2024,8,1.0,1,38.0,56510.0,SIN MARCA,0.0,0.0,0.0,2024-08-01
01001-06059,2025,10,1.0,1,38.0,80218.0,SIN MARCA,0.0,0.0,0.0,2025-10-01
01001-06060,2024,5,2.0,2,65.0,49235.0,SIN MARCA,0.0,0.0,0.0,2024-05-01
01001-06060,2025,10,1.0,1,62.0,80218.0,SIN MARCA,0.0,0.0,0.0,2025-10-01
01001-06061,2024,5,1.0,1,60.0,49235.0,SIN MARCA,0.0,0.0,0.0,2024-05-01
01001-06061,2025,10,1.0,1,54.0,80218.0,SIN MARCA,0.0,0.0,0.0,2025-10-01
01001-06061,2026,2,1.0,1,54.0,87948.0,SIN MARCA,0.0,0.0,0.0,2026-02-01
01001-06062,2024,5,2.0,2,52.8,105305.0,SIN MARCA,0.0,0.0,0.0,2024-05-01
01001-06063,2024,5,1.0,1,74.25,105305.0,WIX BMW 318I,0.0,0.0,0.0,2024-05-01
01001-06063,2025,2,3.0,3,78.33333333333333,91658.66666666667,WIX BMW 318I,0.0,0.0,0.0,2025-02-01
01001-06063,2025,3,1.0,1,75.0,70955.0,WIX BMW 318I,0.0,0.0,0.0,2025-03-01
01001-06063,2025,6,1.0,1,75.0,126825.0,WIX BMW 318I,0.0,0.0,0.0,2025-06-01
01001-06063,2025,8,1.0,1,142.4,51278.0,WIX BMW 318I,0.0,0.0,0.0,2025-08-01
01001-06063,2025,9,1.0,1,75.0,134340.0,WIX BMW 318I,0.0,0.0,0.0,2025-09-01
01001-06063,2026,1,1.0,1,75.0,74182.0,WIX BMW 318I,0.0,0.0,0.0,2026-01-01
01001-06063,2026,2,1.0,1,75.0,143155.0,WIX BMW 318I,0.0,0.0,0.0,2026-02-01
01001-06064,2024,5,1.0,1,95.0,105305.0,WIX BMW 318I,0.0,0.0,0.0,2024-05-01
01001-06064,2025,2,2.0,2,65.0,94039.0,WIX BMW 318I,0.0,0.0,0.0,2025-02-01
01001-06064,2025,3,1.0,1,65.0,70955.0,WIX BMW 318I,0.0,0.0,0.0,2025-03-01
01001-06064,2025,6,1.0,1,65.0,126825.0,WIX BMW 318I,0.0,0.0,0.0,2025-06-01
01001-06064,2025,9,1.0,1,65.0,134340.0,WIX BMW 318I,0.0,0.0,0.0,2025-09-01
01001-06064,2026,1,2.0,2,119.5,82613.0,WIX BMW 318I,0.0,0.0,0.0,2026-01-01
01001-06064,2026,2,1.0,1,65.0,143155.0,WIX BMW 318I,0.0,0.0,0.0,2026-02-01
01001-06065,2024,5,1.0,1,38.0,112000.0,SIN MARCA,0.0,0.0,0.0,2024-05-01
01001-06066,2024,5,1.0,1,65.0,112000.0,SIN MARCA,0.0,0.0,0.0,2024-05-01
01001-06067,2024,6,2.0,2,45.0,61612.5,SIN MARCA,0.0,0.0,0.0,2024-06-01
01001-06067,2024,8,1.0,1,62.0,41085.0,SIN MARCA,0.0,0.0,0.0,2024-08-01
01001-06068,2024,6,1.0,1,45.0,104616.0,SIN MARCA,0.0,0.0,0.0,2024-06-01
01001-06069,2024,6,1.0,1,75.0,104616.0,SIN MARCA,0.0,0.0,0.0,2024-06-01
01001-06069,2025,12,2.0,2,75.0,151723.0,SIN MARCA,0.0,0.0,0.0,2025-12-01
01001-06070,2024,6,1.0,1,98.0,83303.0,SIN MARCA,0.0,0.0,0.0,2024-06-01
01001-06070,2024,8,2.0,2,62.5,87345.0,SIN MARCA,0.0,0.0,0.0,2024-08-01
01001-06070,2024,9,3.0,3,115.0,30091.0,SIN MARCA,0.0,0.0,0.0,2024-09-01
01001-06070,2025,1,1.0,1,45.0,103884.0,SIN MARCA,0.0,0.0,0.0,2025-01-01
01001-06070,2025,10,1.0,1,55.0,95647.0,SIN MARCA,0.0,0.0,0.0,2025-10-01
01001-06070,2025,11,3.0,3,67.33333333333333,69323.0,SIN MARCA,0.0,0.0,0.0,2025-11-01
01001-06070,2025,12,1.0,1,65.0,27085.0,SIN MARCA,0.0,0.0,0.0,2025-12-01
01001-06070,2026,1,1.0,1,65.0,60195.0,SIN MARCA,0.0,0.0,0.0,2026-01-01
01001-06070,2026,2,2.0,2,55.25,76674.5,SIN MARCA,0.0,0.0,0.0,2026-02-01
01001-06070,2026,4,1.0,1,75.0,95283.0,SIN MARCA,0.0,0.0,0.0,2026-04-01
01001-06071,2024,6,1.0,1,95.0,83303.0,MANNFILTER ML350 2013,0.0,0.0,0.0,2024-06-01
01001-06071,2024,7,1.0,1,85.0,66491.0,MANNFILTER ML350 2013,0.0,0.0,0.0,2024-07-01
01001-06071,2024,8,3.0,3,71.66666666666667,67086.0,MANNFILTER ML350 2013,0.0,0.0,0.0,2024-08-01
01001-06071,2024,9,3.0,3,96.66666666666667,35221.0,MANNFILTER ML350 2013,0.0,0.0,0.0,2024-09-01
01001-06071,2024,10,1.0,1,75.0,159318.0,MANNFILTER ML350 2013,0.0,0.0,0.0,2024-10-01
01001-06071,2025,2,1.0,1,110.0,86898.0,MANNFILTER ML350 2013,0.0,0.0,0.0,2025-02-01
01001-06071,2025,11,1.0,1,95.0,31760.0,MANNFILTER ML350 2013,0.0,0.0,0.0,2025-11-01
01001-06072,2024,6,1.0,1,82.5,83303.0,SIN MARCA,0.0,0.0,0.0,2024-06-01
01001-06072,2024,7,2.0,2,42.0,66491.0,SIN MARCA,0.0,0.0,0.0,2024-07-01
01001-06072,2024,8,5.0,5,52.85,69877.2,SIN MARCA,0.0,0.0,0.0,2024-08-01
01001-06072,2024,9,7.0,7,37.28142857142858,93214.14285714286,SIN MARCA,0.0,0.0,0.0,2024-09-01
01001-06072,2024,10,3.0,3,31.313333333333333,165958.0,SIN MARCA,0.0,0.0,0.0,2024-10-01
01001-06072,2024,11,10.0,10,28.673000000000002,72041.8,SIN MARCA,0.0,0.0,0.0,2024-11-01
01001-06072,2024,12,6.0,6,28.641666666666666,87958.33333333333,SIN MARCA,0.0,0.0,0.0,2024-12-01
01001-06072,2025,1,3.0,3,31.313333333333333,101934.66666666667,SIN MARCA,0.0,0.0,0.0,2025-01-01
01001-06072,2025,7,1.0,1,51.0,81828.0,SIN MARCA,0.0,0.0,0.0,2025-07-01
01001-06072,2025,11,2.0,2,43.5,49491.5,SIN MARCA,0.0,0.0,0.0,2025-11-01
01001-06072,2025,12,1.0,1,45.0,27085.0,SIN MARCA,0.0,0.0,0.0,2025-12-01
01001-06072,2026,1,1.0,1,52.0,60195.0,SIN MARCA,0.0,0.0,0.0,2026-01-01
01001-06072,2026,2,1.0,1,50.0,65401.0,SIN MARCA,0.0,0.0,0.0,2026-02-01
01001-06072,2026,4,1.0,1,45.0,95283.0,SIN MARCA,0.0,0.0,0.0,2026-04-01
01001-06073,2024,6,1.0,1,113.24,84146.0,SIN MARCA,0.0,0.0,0.0,2024-06-01
01001-06074,2024,6,1.0,1,377.17,84146.0,SIN MARCA,0.0,0.0,0.0,2024-06-01
01001-06074,2024,11,1.0,1,377.17,93987.0,SIN MARCA,0.0,0.0,0.0,2024-11-01
01001-06075,2024,6,1.0,1,49.5,84226.0,SIN MARCA,0.0,0.0,0.0,2024-06-01
01001-06076,2024,6,1.0,1,65.0,84226.0,SIN MARCA,0.0,0.0,0.0,2024-06-01
01001-06077,2024,6,1.0,1,38.5,197467.0,SIN MARCA,0.0,0.0,0.0,2024-06-01
01001-06078,2024,7,1.0,1,195.0,71712.0,MANN FILTER AUDI Q5 2015,0.0,0.0,0.0,2024-07-01
01001-06078,2025,1,2.0,2,108.15,57789.0,MANN FILTER AUDI Q5 2015,0.0,0.0,0.0,2025-01-01
01001-06078,2025,5,1.0,1,180.0,78835.0,MANN FILTER AUDI Q5 2015,0.0,0.0,0.0,2025-05-01
01001-06078,2025,11,1.0,1,132.0,66657.0,MANN FILTER AUDI Q5 2015,0.0,0.0,0.0,2025-11-01
01001-06079,2024,7,1.0,1,120.0,71712.0,MANN FILTER AUDI Q5 2015,0.0,0.0,0.0,2024-07-01
01001-06079,2025,1,1.0,1,121.6,58998.0,MANN FILTER AUDI Q5 2015,0.0,0.0,0.0,2025-01-01
01001-06079,2025,11,2.0,2,120.0,66657.0,MANN FILTER AUDI Q5 2015,0.0,0.0,0.0,2025-11-01
01001-06079,2026,2,1.0,1,135.0,63170.0,MANN FILTER AUDI Q5 2015,0.0,0.0,0.0,2026-02-01
01001-06079,2026,4,1.0,1,157.94,57107.0,MANN FILTER AUDI Q5 2015,0.0,0.0,0.0,2026-04-01
01001-06080,2024,7,1.0,1,110.0,1.0,MECAFILTER  ELH 4468 CX90-2016,1.0,0.0,0.0,2024-07-01
01001-06081,2024,7,1.0,1,180.0,1.0,SIN MARCA,0.0,0.0,0.0,2024-07-01
01001-06082,2024,7,1.0,1,45.0,138199.0,SIN MARCA,0.0,0.0,0.0,2024-07-01
01001-06082,2025,12,1.0,1,65.0,179730.0,SIN MARCA,0.0,0.0,0.0,2025-12-01
01001-06083,2024,7,1.0,1,75.0,138199.0,MANN FILTER (CUK34-003) XC90-2016,0.0,0.0,0.0,2024-07-01
01001-06083,2025,12,1.0,1,75.0,179730.0,MANN FILTER (CUK34-003) XC90-2016,0.0,0.0,0.0,2025-12-01
01001-06084,2024,7,1.0,1,59.45,56166.0,SIN MARCA,0.0,0.0,0.0,2024-07-01
01001-06085,2024,7,1.0,1,185.0,72358.0,SIN MARCA,0.0,0.0,0.0,2024-07-01
01001-06086,2024,8,1.0,1,38.0,129418.0,SAKURA C-1011,3.0,0.0,0.0,2024-08-01
01001-06086,2024,9,10.0,10,39.1,63287.9,SAKURA C-1011,3.0,0.0,0.0,2024-09-01
01001-06086,2024,10,3.0,3,38.0,123564.0,SAKURA C-1011,3.0,0.0,0.0,2024-10-01
01001-06086,2024,11,1.0,1,38.0,90246.0,SAKURA C-1011,3.0,0.0,0.0,2024-11-01
01001-06086,2024,12,6.0,6,35.0,87340.5,SAKURA C-1011,3.0,0.0,0.0,2024-12-01
01001-06086,2025,1,6.0,6,37.516666666666666,71628.83333333333,SAKURA C-1011,3.0,0.0,0.0,2025-01-01
01001-06086,2025,2,6.0,6,36.333333333333336,85885.5,SAKURA C-1011,3.0,0.0,0.0,2025-02-01
01001-06086,2025,3,10.0,10,33.5,120496.5,SAKURA C-1011,3.0,0.0,0.0,2025-03-01
01001-06086,2025,4,13.0,13,38.84615384615385,71093.84615384616,SAKURA C-1011,3.0,0.0,0.0,2025-04-01
01001-06086,2025,5,9.0,9,37.22222222222222,77926.0,SAKURA C-1011,3.0,0.0,0.0,2025-05-01
01001-06086,2025,6,11.0,11,45.0,88307.0,SAKURA C-1011,3.0,0.0,0.0,2025-06-01
01001-06086,2025,7,12.0,12,45.0,97194.41666666667,SAKURA C-1011,3.0,0.0,0.0,2025-07-01
01001-06086,2025,8,7.0,7,46.42857142857143,96394.71428571429,SAKURA C-1011,3.0,0.0,0.0,2025-08-01
01001-06086,2025,9,9.0,9,46.580000000000005,107713.11111111111,SAKURA C-1011,3.0,0.0,0.0,2025-09-01
01001-06086,2025,10,6.0,6,45.0,97428.83333333333,SAKURA C-1011,3.0,0.0,0.0,2025-10-01
01001-06086,2025,11,13.0,13,45.0,90844.46153846153,SAKURA C-1011,3.0,0.0,0.0,2025-11-01
01001-06086,2025,12,12.0,12,45.0,76908.5,SAKURA C-1011,3.0,0.0,0.0,2025-12-01
01001-06086,2026,1,14.0,14,45.0,104957.42857142857,SAKURA C-1011,3.0,0.0,0.0,2026-01-01
01001-06086,2026,2,18.0,18,44.166666666666664,94663.0,SAKURA C-1011,3.0,0.0,0.0,2026-02-01
01001-06086,2026,3,6.0,6,45.5,68788.66666666667,SAKURA C-1011,3.0,0.0,0.0,2026-03-01
01001-06086,2026,4,10.0,10,45.0,94678.5,SAKURA C-1011,3.0,0.0,0.0,2026-04-01
01001-06086,2026,5,8.0,8,42.75,93446.0,SAKURA C-1011,3.0,0.0,0.0,2026-05-01
01001-06087,2024,8,2.0,2,60.0,118107.0,SIN MARCA,0.0,0.0,0.0,2024-08-01
01001-06087,2024,9,1.0,1,37.3,128434.0,SIN MARCA,0.0,0.0,0.0,2024-09-01
01001-06089,2025,2,3.0,3,47.04666666666666,91658.66666666667,WIX BMW ELEMENTO,0.0,0.0,0.0,2025-02-01
01001-06089,2025,3,1.0,1,38.14,70955.0,WIX BMW ELEMENTO,0.0,0.0,0.0,2025-03-01
01001-06089,2025,9,1.0,1,58.0,134340.0,WIX BMW ELEMENTO,0.0,0.0,0.0,2025-09-01
01001-06089,2026,1,1.0,1,45.0,74182.0,WIX BMW ELEMENTO,0.0,0.0,0.0,2026-01-01
01001-06093,2025,5,1.0,1,101.3,178809.0,MANN FILTER BMW X3 ?13 DIESEL,0.0,0.0,0.0,2025-05-01
01001-06093,2025,7,1.0,1,119.53,161812.0,MANN FILTER BMW X3 ?13 DIESEL,0.0,0.0,0.0,2025-07-01
01001-06095,2026,3,1.0,1,72.0,74155.0,MANN FILTER AUDI A3 2020,0.0,0.0,0.0,2026-03-01
01001-06096,2025,3,1.0,1,183.0,82086.0,MANN FILTER AUDI A3 2020,0.0,0.0,0.0,2025-03-01
01001-06096,2025,11,1.0,1,145.0,31760.0,MANN FILTER AUDI A3 2020,0.0,0.0,0.0,2025-11-01
01001-06096,2026,1,2.0,2,116.0,91044.0,MANN FILTER AUDI A3 2020,0.0,0.0,0.0,2026-01-01
01001-06097,2026,2,1.0,1,151.6,63170.0,MANN FILTER AUDI A3 2020,0.0,0.0,0.0,2026-02-01
01001-06097,2026,4,1.0,1,155.62,57107.0,MANN FILTER AUDI A3 2020,0.0,0.0,0.0,2026-04-01
01001-06098,2025,8,2.0,2,45.0,136521.0,HYUNDAI - KIA SUVS,0.0,0.0,0.0,2025-08-01
01001-06098,2025,10,3.0,3,45.0,119300.33333333333,HYUNDAI - KIA SUVS,0.0,0.0,0.0,2025-10-01
01001-06098,2025,12,1.0,1,45.0,151723.0,HYUNDAI - KIA SUVS,0.0,0.0,0.0,2025-12-01
01001-06099,2025,8,2.0,2,51.0,92991.5,FORLAND F38 2019 WLLYBUSH,0.0,0.0,0.0,2025-08-01
01001-06099,2026,1,1.0,1,51.0,105740.0,FORLAND F38 2019 WLLYBUSH,0.0,0.0,0.0,2026-01-01
01001-06099,2026,2,1.0,1,51.0,91582.0,FORLAND F38 2019 WLLYBUSH,0.0,0.0,0.0,2026-02-01
01001-06100,2025,8,2.0,2,96.27,92991.5,FORLAND F38 2019 WANLANDA,0.0,0.0,0.0,2025-08-01
01001-06100,2026,1,2.0,2,96.27,105740.0,FORLAND F38 2019 WANLANDA,0.0,0.0,0.0,2026-01-01
01001-06100,2026,2,1.0,1,96.27,91582.0,FORLAND F38 2019 WANLANDA,0.0,0.0,0.0,2026-02-01
01001-06101,2025,8,2.0,2,53.9,92991.5,FORLAND F38 2019 WILLYBUSH,0.0,0.0,0.0,2025-08-01
01001-06101,2026,1,1.0,1,53.9,105740.0,FORLAND F38 2019 WILLYBUSH,0.0,0.0,0.0,2026-01-01
01001-06101,2026,2,1.0,1,53.9,91582.0,FORLAND F38 2019 WILLYBUSH,0.0,0.0,0.0,2026-02-01
01001-06102,2025,8,2.0,2,228.82,92991.5,FORLAND F38 2019 WANLANDA,0.0,0.0,0.0,2025-08-01
01001-06102,2026,1,1.0,1,228.82,105740.0,FORLAND F38 2019 WANLANDA,0.0,0.0,0.0,2026-01-01
01001-06102,2026,2,1.0,1,228.82,91582.0,FORLAND F38 2019 WANLANDA,0.0,0.0,0.0,2026-02-01
01001-06103,2025,8,1.0,1,76.28,59848.0,KIA SPORTAGE 2005 SAKURA,0.0,0.0,0.0,2025-08-01
01001-06104,2025,8,1.0,1,50.86,59848.0,KIA SPORTAGE 2005 SAKURA,0.0,0.0,0.0,2025-08-01
01001-06104,2025,12,1.0,1,59.0,102330.0,KIA SPORTAGE 2005 SAKURA,0.0,0.0,0.0,2025-12-01
01001-06106,2025,10,1.0,1,65.0,123503.0,TAKUMI CHEVROLET N400,0.0,0.0,0.0,2025-10-01
01001-06106,2026,1,2.0,2,65.0,129464.0,TAKUMI CHEVROLET N400,0.0,0.0,0.0,2026-01-01
01001-06107,2025,10,1.0,1,60.0,123503.0,CHEVROLET N400,0.0,0.0,0.0,2025-10-01
01001-06107,2026,1,1.0,1,60.0,129464.0,CHEVROLET N400,0.0,0.0,0.0,2026-01-01
01001-06108,2026,1,1.0,1,45.0,129464.0,PLUSPART CHEVROLET N400,0.0,0.0,0.0,2026-01-01
01001-06109,2025,10,8.0,2,22.54,123503.0,NGK CHEVROLET N400,4.0,0.0,0.0,2025-10-01
01001-06109,2026,1,4.0,1,22.54,129464.0,NGK CHEVROLET N400,4.0,0.0,0.0,2026-01-01
01001-06109,2026,3,4.0,1,22.54,174601.0,NGK CHEVROLET N400,4.0,0.0,0.0,2026-03-01
01001-061107,2026,5,1.0,1,65.0,123250.0,FILCAR HONDA PILOT 2016+,0.0,0.0,0.0,2026-05-01
01001-06113,2026,1,1.0,1,65.0,72391.0,TAKUMI TOYOTA HIGHLANDER 2016,0.0,0.0,0.0,2026-01-01
01001-06120,2026,2,1.0,1,75.0,111290.0,KUSA FORD EXPLORER '18,0.0,0.0,0.0,2026-02-01
01001-06121,2026,2,1.0,1,85.0,111290.0,TAKUMI,0.0,0.0,0.0,2026-02-01
01001-06178,2026,2,1.0,1,55.0,111290.0,SAKURA C-7971 FORD EXPLORER '18,0.0,0.0,0.0,2026-02-01
01001-06178,2026,5,1.0,1,45.0,179335.0,SAKURA C-7971 FORD EXPLORER '18,0.0,0.0,0.0,2026-05-01
01001-07001,2024,2,1.0,1,99.0,132586.0,SIN MARCA,0.0,0.0,0.0,2024-02-01
01001-07001,2024,3,1.0,1,90.0,10942.0,SIN MARCA,0.0,0.0,0.0,2024-03-01
01001-07003,2024,3,1.0,1,963.24,64988.0,SIN MARCA,0.0,0.0,0.0,2024-03-01
01001-07004,2024,4,6.0,1,2.0,156615.0,SIN MARCA,44.0,0.0,0.0,2024-04-01
01001-07005,2024,7,2.0,1,4.46,81438.0,SIN MARCA,0.0,0.0,0.0,2024-07-01
01001-08001,2024,5,2.0,1,457.61,92589.0,SIN MARCA,0.0,0.0,0.0,2024-05-01
01001-08002,2024,5,4.0,1,734.7,75615.0,SIN MARCA,0.0,0.0,0.0,2024-05-01
01001-08003,2024,5,2.0,1,450.0,73719.0,SIN MARCA,0.0,0.0,0.0,2024-05-01
01001-08004,2024,6,4.0,2,97.46,81438.0,SIN MARCA,0.0,0.0,0.0,2024-06-01
01001-08005,2024,9,4.0,1,312.25,37329.0,SIN MARCA,4.0,0.0,0.0,2024-09-01
01001-08006,2024,8,2.0,1,279.66,66491.0,SIN MARCA,0.0,0.0,0.0,2024-08-01
01001-08007,2024,8,1.0,1,901.14,41085.0,SIN MARCA,0.0,0.0,0.0,2024-08-01
01001-08008,2024,9,4.0,1,57.63,19459.0,SIN MARCA,0.0,0.0,0.0,2024-09-01
01001-08010,2025,6,4.0,1,1015.0,191041.0,CONTINENTAL,0.0,0.0,0.0,2025-06-01
01001-09001,2024,4,2.0,2,503.4,152232.0,SIN MARCA,0.0,0.0,0.0,2024-04-01
01001-09002,2024,4,1.0,1,49.5,60583.0,WURTH,0.0,0.0,0.0,2024-04-01
01001-09002,2026,2,1.0,1,20.0,64177.0,WURTH,0.0,0.0,0.0,2026-02-01
01001-09003,2024,4,1.0,1,49.5,60583.0,WURTH,0.0,0.0,0.0,2024-04-01
01001-09003,2025,11,1.0,1,20.0,66657.0,WURTH,0.0,0.0,0.0,2025-11-01
01001-09003,2025,12,1.0,1,20.0,68630.0,WURTH,0.0,0.0,0.0,2025-12-01
01001-09004,2024,4,1.0,1,49.5,60583.0,WURTH,0.0,0.0,0.0,2024-04-01
01001-09004,2025,12,1.0,1,20.0,93840.0,WURTH,0.0,0.0,0.0,2025-12-01
01001-09005,2024,5,3.0,3,76.66666666666667,107536.66666666667,WURTH,1.0,0.0,0.0,2024-05-01
01001-09005,2024,11,1.0,1,50.85,162682.0,WURTH,1.0,0.0,0.0,2024-11-01
01001-09005,2025,5,1.0,1,50.85,128107.0,WURTH,1.0,0.0,0.0,2025-05-01
01001-09005,2025,6,1.0,1,50.85,70970.0,WURTH,1.0,0.0,0.0,2025-06-01
01001-09005,2025,9,1.0,1,50.85,113420.0,WURTH,1.0,0.0,0.0,2025-09-01
01001-09005,2025,10,1.0,1,50.85,6986.0,WURTH,1.0,0.0,0.0,2025-10-01
01001-09006,2024,5,3.0,3,76.66666666666667,107536.66666666667,WURTH,3.0,0.0,0.0,2024-05-01
01001-09006,2024,7,4.0,4,50.85,89273.0,WURTH,3.0,0.0,0.0,2024-07-01
01001-09006,2024,8,2.0,2,53.35,65593.5,WURTH,3.0,0.0,0.0,2024-08-01
01001-09006,2024,11,1.0,1,50.85,162682.0,WURTH,3.0,0.0,0.0,2024-11-01
01001-09006,2025,1,2.0,2,50.85,55668.0,WURTH,3.0,0.0,0.0,2025-01-01
01001-09006,2025,2,1.0,1,50.85,74250.0,WURTH,3.0,0.0,0.0,2025-02-01
01001-09006,2025,5,1.0,1,50.85,128107.0,WURTH,3.0,0.0,0.0,2025-05-01
01001-09006,2025,6,3.0,3,27.11,132728.66666666666,WURTH,3.0,0.0,0.0,2025-06-01
01001-09006,2025,7,1.0,1,50.85,48145.0,WURTH,3.0,0.0,0.0,2025-07-01
01001-09006,2025,9,1.0,1,65.0,113420.0,WURTH,3.0,0.0,0.0,2025-09-01
01001-09006,2025,10,1.0,1,50.85,6986.0,WURTH,3.0,0.0,0.0,2025-10-01
01001-09007,2024,5,1.0,1,490.0,38.0,SIN MARCA,0.0,0.0,0.0,2024-05-01
01001-09008,2024,5,1.0,1,107.2,38.0,SIN MARCA,0.0,0.0,0.0,2024-05-01
01001-09009,2024,5,5.0,1,16.95,38.0,SIN MARCA,0.0,0.0,0.0,2024-05-01
01001-09010,2024,5,1.0,1,200.0,30072.0,SIN MARCA,0.0,0.0,0.0,2024-05-01
01001-09011,2024,5,2.0,2,56.0,112000.0,WURTH,0.0,0.0,0.0,2024-05-01
01001-09011,2025,4,1.0,1,55.94,59286.0,WURTH,0.0,0.0,0.0,2025-04-01
01001-09011,2025,12,1.0,1,25.0,93840.0,WURTH,0.0,0.0,0.0,2025-12-01
01001-09012,2024,8,1.0,1,384.71,80582.0,SIN MARCA,0.0,0.0,0.0,2024-08-01
01001-09013,2024,6,4.0,2,125.0,119101.0,SIN MARCA,0.0,0.0,0.0,2024-06-01
01001-09014,2024,7,2.0,2,60.0,144403.5,WURTH,4.0,0.0,0.0,2024-07-01
01001-09014,2024,8,1.0,1,50.85,138480.0,WURTH,4.0,0.0,0.0,2024-08-01
01001-09014,2024,9,1.0,1,42.5,98551.0,WURTH,4.0,0.0,0.0,2024-09-01
01001-09014,2025,10,1.0,1,40.0,78215.0,WURTH,4.0,0.0,0.0,2025-10-01
01001-09014,2025,11,1.0,1,45.0,152147.0,WURTH,4.0,0.0,0.0,2025-11-01
01001-09015,2024,6,1.0,1,140.29,23921.0,WURTH,0.0,0.0,0.0,2024-06-01
01001-09016,2024,7,5.0,5,52.67999999999999,83926.0,WURTH,0.0,0.0,0.0,2024-07-01
01001-09016,2024,9,1.0,1,42.5,98551.0,WURTH,0.0,0.0,0.0,2024-09-01
01001-09016,2025,2,1.0,1,50.85,74250.0,WURTH,0.0,0.0,0.0,2025-02-01
01001-09016,2025,6,1.0,1,12.35,163608.0,WURTH,0.0,0.0,0.0,2025-06-01
01001-09019,2024,7,2.0,2,50.85,78429.0,WURTH,3.0,0.0,0.0,2024-07-01
01001-09019,2025,11,1.0,1,51.64,66657.0,WURTH,3.0,0.0,0.0,2025-11-01
01001-09020,2024,7,6.0,4,38.14,97678.25,WURTH,0.0,0.0,0.0,2024-07-01
01001-09020,2024,8,4.0,4,38.14,75047.25,WURTH,0.0,0.0,0.0,2024-08-01
01001-09021,2024,8,2.0,2,55.425,144211.0,WURTH,1.0,0.0,0.0,2024-08-01
01001-09021,2025,4,1.0,1,50.85,13285.0,WURTH,1.0,0.0,0.0,2025-04-01
01001-09021,2025,10,1.0,1,50.0,78215.0,WURTH,1.0,0.0,0.0,2025-10-01
01001-09021,2025,11,2.0,2,50.0,109402.0,WURTH,1.0,0.0,0.0,2025-11-01
01001-09022,2024,7,2.0,2,38.14,84279.0,SIN MARCA,2.0,0.0,0.0,2024-07-01
01001-09022,2024,8,2.0,2,45.85,47346.0,SIN MARCA,2.0,0.0,0.0,2024-08-01
01001-09022,2025,1,2.0,2,38.14,55668.0,SIN MARCA,2.0,0.0,0.0,2025-01-01
01001-09022,2025,4,1.0,1,38.14,13285.0,SIN MARCA,2.0,0.0,0.0,2025-04-01
01001-09022,2025,9,1.0,1,38.14,113420.0,SIN MARCA,2.0,0.0,0.0,2025-09-01
01001-09023,2024,7,1.0,1,125.0,84015.0,SIN MARCA,0.0,0.0,0.0,2024-07-01
01001-09024,2024,7,2.0,2,50.85,98096.0,SIN MARCA,0.0,0.0,0.0,2024-07-01
01001-09024,2024,8,1.0,1,50.85,138480.0,SIN MARCA,0.0,0.0,0.0,2024-08-01
01001-09024,2025,7,1.0,1,50.85,48145.0,SIN MARCA,0.0,0.0,0.0,2025-07-01
01001-09025,2024,8,1.0,1,300.0,98096.0,SIN MARCA,0.0,0.0,0.0,2024-08-01
01001-09026,2025,12,2.0,2,45.0,68630.0,WURTH,0.0,0.0,0.0,2025-12-01
01001-09026,2026,5,1.0,1,45.0,105104.0,WURTH,0.0,0.0,0.0,2026-05-01
01001-09027,2025,11,1.0,1,50.0,61372.0,WURTH,0.0,0.0,0.0,2025-11-01
01001-09027,2025,12,2.0,2,50.0,68830.5,WURTH,0.0,0.0,0.0,2025-12-01
01001-09028,2026,5,1.0,1,55.0,105104.0,WURTH,0.0,0.0,0.0,2026-05-01
01001-09029,2025,11,2.0,2,55.0,61372.0,WURTH,0.0,0.0,0.0,2025-11-01
01001-09029,2025,12,3.0,3,56.666666666666664,68763.66666666667,WURTH,0.0,0.0,0.0,2025-12-01
01001-09030,2026,2,1.0,1,164.26,96808.0,HONDA,0.0,0.0,0.0,2026-02-01
01001-10001,2024,4,1.0,1,540.0,64877.0,SIN MARCA,0.0,0.0,0.0,2024-04-01
01001-10002,2024,8,1.0,1,706.71,33443.0,SIN MARCA,0.0,0.0,0.0,2024-08-01
01001-10003,2024,9,1.0,1,44.0,98457.0,SIN MARCA,0.0,0.0,0.0,2024-09-01
01001-21001,2024,3,1.0,1,15.51,1.0,SIN MARCA,0.0,0.0,0.0,2024-03-01
01001-21002,2024,3,1.0,1,14.84,1.0,SIN MARCA,0.0,0.0,0.0,2024-03-01
01001-21003,2024,3,1.0,1,29.16,1.0,SIN MARCA,0.0,0.0,0.0,2024-03-01
01001-21004,2024,3,2.0,1,13.06,1.0,SIN MARCA,0.0,0.0,0.0,2024-03-01
01001-21005,2024,3,1.0,1,29.66,1.0,SIN MARCA,0.0,0.0,0.0,2024-03-01
01001-21006,2024,9,9.0,1,8.47,1.0,SIN MARCA,0.0,0.0,0.0,2024-09-01
01001-21007,2024,9,6.0,1,11.02,1.0,SIN MARCA,0.0,0.0,0.0,2024-09-01
01001-21008,2024,9,60.0,2,4.33,1.0,SIN MARCA,30.0,0.0,0.0,2024-09-01
01001-21009,2024,9,1.0,1,17.19,1.0,SIN MARCA,0.0,0.0,0.0,2024-09-01
01001-21010,2024,9,1.0,1,262.15,1.0,SIN MARCA,0.0,0.0,0.0,2024-09-01
01001-21011,2024,9,2.0,2,123.07,1.0,SIN MARCA,0.0,0.0,0.0,2024-09-01
01001-21012,2024,6,2.0,2,25.18,1.0,SIN MARCA,0.0,0.0,0.0,2024-06-01
01001-21012,2024,9,1.0,1,15.26,1.0,SIN MARCA,0.0,0.0,0.0,2024-09-01
01001-21013,2024,9,12.0,1,6.31,1.0,SIN MARCA,0.0,0.0,0.0,2024-09-01
01001-21013,2024,12,1.0,1,25.0,127617.0,SIN MARCA,0.0,0.0,0.0,2024-12-01
01001-21013,2025,9,1.0,1,25.0,70145.0,SIN MARCA,0.0,0.0,0.0,2025-09-01
01001-21013,2025,10,2.0,2,15.68,94554.5,SIN MARCA,0.0,0.0,0.0,2025-10-01
01001-21013,2025,12,8.0,2,15.68,102330.0,SIN MARCA,0.0,0.0,0.0,2025-12-01
01001-21013,2026,1,1.0,1,15.68,47643.0,SIN MARCA,0.0,0.0,0.0,2026-01-01
01001-21013,2026,2,1.0,1,15.68,117260.0,SIN MARCA,0.0,0.0,0.0,2026-02-01
01001-21013,2026,4,2.0,1,15.68,25141.0,SIN MARCA,0.0,0.0,0.0,2026-04-01
01001-21013,2026,5,2.0,2,15.68,320076.0,SIN MARCA,0.0,0.0,0.0,2026-05-01
01001-21014,2024,6,48.0,2,20.13,1.0,WURTH,23.0,0.0,0.0,2024-06-01
01001-21014,2024,9,23.0,1,20.13,1.0,WURTH,23.0,0.0,0.0,2024-09-01
01001-21014,2024,10,2.0,2,23.89,86780.0,WURTH,23.0,0.0,0.0,2024-10-01
01001-21014,2025,1,2.0,1,25.0,42350.0,WURTH,23.0,0.0,0.0,2025-01-01
01001-21015,2024,9,1.0,1,0.01,1.0,SIN MARCA,0.0,0.0,0.0,2024-09-01
01001-21016,2024,5,100.0,1,3.82,1.0,SIN MARCA,0.0,0.0,0.0,2024-05-01
01001-21017,2024,5,1.0,1,228.82,1.0,SIN MARCA,0.0,0.0,0.0,2024-05-01
01001-21018,2024,5,1.0,1,76.28,1.0,SIN MARCA,0.0,0.0,0.0,2024-05-01
01001-21019,2024,5,1.0,1,38.13,1.0,SIN MARCA,0.0,0.0,0.0,2024-05-01
01001-21020,2024,5,6.0,2,23.73,1.0,SIN MARCA,0.0,0.0,0.0,2024-05-01
01001-21021,2024,5,2.0,1,3.39,1.0,SIN MARCA,0.0,0.0,0.0,2024-05-01
01001-21022,2024,5,1.0,1,46.61,1.0,SIN MARCA,0.0,0.0,0.0,2024-05-01
01001-21023,2024,5,2.0,1,15.25,1.0,SIN MARCA,0.0,0.0,0.0,2024-05-01
01001-21024,2024,5,2.0,1,3.39,1.0,SIN MARCA,0.0,0.0,0.0,2024-05-01
01001-21025,2024,5,1.0,1,55.08,1.0,SIN MARCA,0.0,0.0,0.0,2024-05-01
01001-21026,2024,6,1.0,1,174.82,1.0,SIN MARCA,0.0,0.0,0.0,2024-06-01
01001-21027,2024,7,1.0,1,174.8,1.0,SIN MARCA,0.0,0.0,0.0,2024-07-01
01001-21028,2024,8,1.0,1,78.8,1.0,SIN MARCA,0.0,0.0,0.0,2024-08-01
01001-21029,2024,8,2.0,2,16.78,1.0,SIN MARCA,0.0,0.0,0.0,2024-08-01
01001-21030,2024,9,12.0,2,15.26,1.0,SIN MARCA,0.0,0.0,0.0,2024-09-01
01001-21030,2026,4,1.0,1,15.26,374377.0,SIN MARCA,0.0,0.0,0.0,2026-04-01
01001-21031,2024,9,6.0,1,42.4,1.0,SIN MARCA,6.0,0.0,0.0,2024-09-01
01001-21033,2024,9,10.0,1,8.82,1.0,SIN MARCA,10.0,0.0,0.0,2024-09-01
01001-21034,2024,9,1.0,1,0.02,1.0,SIN MARCA,1.0,0.0,0.0,2024-09-01
01001-21035,2024,9,2.0,1,80.0,1.0,SIN MARCA,2.0,0.0,0.0,2024-09-01
01001-21036,2024,9,2.0,1,42.36,1.0,SIN MARCA,2.0,0.0,0.0,2024-09-01
01001-21037,2025,1,1.0,1,237.28,42350.0,SKF,0.0,0.0,0.0,2025-01-01
01001-21037,2025,2,1.5,2,237.28,85148.0,SKF,0.0,0.0,0.0,2025-02-01
01001-21037,2025,3,0.5,1,237.28,117533.0,SKF,0.0,0.0,0.0,2025-03-01
01001-21037,2025,4,0.5,2,237.28,85899.0,SKF,0.0,0.0,0.0,2025-04-01
01001-21038,2026,5,1.0,1,480.0,123250.0,QUICKSTAR,0.0,0.0,0.0,2026-05-01
01001-21039,2025,7,2.0,1,85.0,294233.0,GAT 300ML,0.0,0.0,0.0,2025-07-01
01001-21039,2025,11,1.0,1,85.0,98803.0,GAT 300ML,0.0,0.0,0.0,2025-11-01
01001-21039,2026,1,1.0,1,85.0,96657.0,GAT 300ML,0.0,0.0,0.0,2026-01-01
01001-21039,2026,4,1.0,1,85.0,135321.0,GAT 300ML,0.0,0.0,0.0,2026-04-01
01001-21039,2026,5,2.0,2,85.0,89113.0,GAT 300ML,0.0,0.0,0.0,2026-05-01
01001-21040,2025,7,2.0,1,85.0,294233.0,GAT 300ML,0.0,0.0,0.0,2025-07-01
01001-21040,2026,5,2.0,2,85.0,123250.0,GAT 300ML,0.0,0.0,0.0,2026-05-01
01001-21041,2025,7,2.0,1,105.0,161812.0,GAT 300ML,0.0,0.0,0.0,2025-07-01
01001-21041,2025,11,1.0,1,105.0,98803.0,GAT 300ML,0.0,0.0,0.0,2025-11-01
01001-21042,2025,11,1.0,1,132.2,98803.0,LIQUIMOLY,0.0,0.0,0.0,2025-11-01
01001-25001,2024,6,1.0,1,0.02,1.0,SIN MARCA,0.0,0.0,0.0,2024-06-01
01001-25002,2024,6,1.0,1,81.51,1.0,SIN MARCA,0.0,0.0,0.0,2024-06-01
01001-25003,2024,6,2.0,2,151.16,1.0,SIN MARCA,0.0,0.0,0.0,2024-06-01
01001-25004,2024,10,1.0,1,4361.28,68392.0,ATE,0.0,0.0,0.0,2024-10-01
01001-25005,2024,10,3.0,3,473.3333333333333,79461.66666666667,QUICKSTART,0.0,0.0,0.0,2024-10-01
01001-25005,2024,12,1.0,1,480.0,123804.0,QUICKSTART,0.0,0.0,0.0,2024-12-01
01001-25005,2026,2,1.0,1,420.0,124581.0,QUICKSTART,0.0,0.0,0.0,2026-02-01
01001-25006,2025,1,1.0,1,546.61,105450.0,VW,0.0,0.0,0.0,2025-01-01
01001-25009,2025,11,2.0,2,525.0,81167.0,BOSCH,0.0,0.0,0.0,2025-11-01
01001-25009,2025,12,1.0,1,525.0,50253.0,BOSCH,0.0,0.0,0.0,2025-12-01
01001-25009,2026,3,2.0,2,525.0,91480.0,BOSCH,0.0,0.0,0.0,2026-03-01
01001-25009,2026,5,1.0,1,525.0,123250.0,BOSCH,0.0,0.0,0.0,2026-05-01
01001-25010,2025,5,1.0,1,504.24,137491.0,BOSCH,0.0,0.0,0.0,2025-05-01
01001-25010,2026,3,1.0,1,504.24,94883.0,BOSCH,0.0,0.0,0.0,2026-03-01
01001-25011,2025,6,1.0,1,1790.0,62220.0,VOLVO XC40 2021,0.0,0.0,0.0,2025-06-01
01001-25012,2025,6,1.0,1,732.7,62220.0,VOLVO XC40 2021,0.0,0.0,0.0,2025-06-01
01001-25014,2026,4,1.0,1,480.0,77817.0,MERCEDES GLC-400 2017,0.0,0.0,0.0,2026-04-01
01001-25015,2026,4,2.0,2,437.625,49616.0,YUASA,0.0,0.0,0.0,2026-04-01
01001-3118,2025,3,1.0,1,500.0,214200.0,COMPATIBLE HONDA PILOT 2012,0.0,0.0,0.0,2025-03-01
01001-3118,2025,5,1.0,1,500.0,215680.0,COMPATIBLE HONDA PILOT 2012,0.0,0.0,0.0,2025-05-01
31370089,2024,9,1.0,1,233.7,88883.0,VOLVO XC90 2019,0.0,0.0,0.0,2024-09-01
31370089,2025,3,1.0,1,293.0,82086.0,VOLVO XC90 2019,0.0,0.0,0.0,2025-03-01
31370089,2025,4,1.0,1,173.0,39225.0,VOLVO XC90 2019,0.0,0.0,0.0,2025-04-01
31370089,2026,4,2.0,2,125.57,66588.0,VOLVO XC90 2019,0.0,0.0,0.0,2026-04-01
31407748,2024,9,1.0,1,182.85,88883.0,VOLVO XC90 2019,0.0,0.0,0.0,2024-09-01
31407748,2026,4,1.0,1,199.4,77817.0,VOLVO XC90 2019,0.0,0.0,0.0,2026-04-01
31662960,2024,10,1.0,1,21.85,88883.0,VOLVO,0.0,0.0,0.0,2024-10-01
32140029,2024,9,1.0,1,83.33,88883.0,VOLVO XC90 2019,0.0,0.0,0.0,2024-09-01
32140029,2025,3,1.0,1,105.0,82086.0,VOLVO XC90 2019,0.0,0.0,0.0,2025-03-01
32140029,2025,4,1.0,1,97.0,39225.0,VOLVO XC90 2019,0.0,0.0,0.0,2025-04-01
32140029,2026,3,1.0,1,75.0,108785.0,VOLVO XC90 2019,0.0,0.0,0.0,2026-03-01
32140029,2026,4,2.0,2,99.12,66588.0,VOLVO XC90 2019,0.0,0.0,0.0,2026-04-01
32214957,2024,9,1.0,1,22.78,88883.0,VOLVO,0.0,0.0,0.0,2024-09-01
32242191,2024,9,1.0,1,188.07,88883.0,VOLVO,0.0,0.0,0.0,2024-09-01
32242191,2025,3,1.0,1,330.0,82086.0,VOLVO,0.0,0.0,0.0,2025-03-01
32290011,2024,9,1.0,1,519.93,88883.0,VOLVO,0.0,0.0,0.0,2024-09-01
ACEITEWOLF01,2024,2,15.0,4,44.625,57442.0,WOLF,0.0,0.0,0.0,2024-02-01
ACEITEWOLF01,2025,3,5.0,1,54.0,29948.0,WOLF,0.0,0.0,0.0,2025-03-01
ARANDELA01,2024,2,2.0,2,3.5,83357.5,SIN MARCA,0.0,0.0,0.0,2024-02-01
ARANDELA01,2024,3,1.0,1,3.5,55170.0,SIN MARCA,0.0,0.0,0.0,2024-03-01
ARANDELA01,2026,1,2.0,2,4.0,55368.0,SIN MARCA,0.0,0.0,0.0,2026-01-01
ARANDELAVOLVO,2024,9,1.0,1,12.63,88883.0,VOLVO,0.0,0.0,0.0,2024-09-01
BPA000000000000,2024,9,4.0,2,33.0,1.0,SIN MARCA,0.0,0.0,0.0,2024-09-01
BPA000000000001,2024,9,2.0,1,33.0,1.0,SIN MARCA,0.0,0.0,0.0,2024-09-01
BPA000000000002,2024,9,1.0,1,33.0,1.0,SIN MARCA,0.0,0.0,0.0,2024-09-01
BPA000000000003,2024,9,1.0,1,33.0,1.0,SIN MARCA,0.0,0.0,0.0,2024-09-01
BPA000000000004,2024,9,2.0,1,33.0,1.0,SIN MARCA,0.0,0.0,0.0,2024-09-01
BPA000000000005,2024,8,1.0,1,33.0,1.0,SIN MARCA,0.0,0.0,0.0,2024-08-01
BPA000000000006,2024,9,500.0,1,33.0,1.0,SIN MARCA,0.0,0.0,0.0,2024-09-01
BPA000000000007,2024,9,4.0,2,33.0,1.0,SIN MARCA,0.0,0.0,0.0,2024-09-01
BPA000000000008,2024,9,3.0,1,33.0,1.0,SIN MARCA,0.0,0.0,0.0,2024-09-01
BPA000000000009,2024,9,50.0,1,33.0,1.0,SIN MARCA,0.0,0.0,0.0,2024-09-01
BPA000000000011,2024,9,2.0,1,33.0,1.0,SIN MARCA,0.0,0.0,0.0,2024-09-01
BPA000000000012,2024,9,0.5,1,33.0,1.0,SIN MARCA,0.0,0.0,0.0,2024-09-01
BPA000000000013,2024,9,1.0,1,33.0,1.0,SIN MARCA,0.0,0.0,0.0,2024-09-01
BPA000000000016,2024,2,3.0,3,6.333333333333333,30870.0,SIN MARCA,0.0,0.0,0.0,2024-02-01
BPA000000000017,2024,9,6.0,1,14.54,1.0,SIN MARCA,0.0,0.0,0.0,2024-09-01
BPA000000000017,2026,1,1.0,1,14.54,74182.0,SIN MARCA,0.0,0.0,0.0,2026-01-01
BPA000000000035,2024,8,1.0,1,40.0,41085.0,SIN MARCA,34.0,0.0,0.0,2024-08-01
BPA000000014001,2024,1,4.0,1,30.0,224825.0,SIN MARCA,0.0,0.0,0.0,2024-01-01
BPA000000018001,2025,6,1.0,1,16.95,111459.0,SIN MARCA,4.0,0.0,0.0,2025-06-01
BPA000000018002,2024,8,2.0,1,18.0,97734.0,SIN MARCA,0.0,0.0,0.0,2024-08-01
BPA000000018005,2024,8,1.0,1,15.0,97734.0,SIN MARCA,0.0,0.0,0.0,2024-08-01
BPA000000018007,2024,9,1.0,1,3.3,1.0,SIN MARCA,1.0,0.0,0.0,2024-09-01
BPA000000030003,2023,2,1.0,1,20.0,80450.0,NAITO,0.0,0.0,0.0,2023-02-01
BPA000000030003,2024,1,1.0,1,85.0,224825.0,NAITO,0.0,0.0,0.0,2024-01-01
BPA000000030003,2024,2,2.0,2,80.0,46839.0,NAITO,0.0,0.0,0.0,2024-02-01
BPA000000030004,2023,2,1.0,1,20.0,80450.0,TAKUMI,0.0,0.0,0.0,2023-02-01
BPA000000030004,2024,1,1.0,1,52.8,224825.0,TAKUMI,0.0,0.0,0.0,2024-01-01
BPA000000030004,2024,2,2.0,2,72.6,46839.0,TAKUMI,0.0,0.0,0.0,2024-02-01
BPA000000030007,2023,2,1.0,1,15.0,80450.0,SIN MARCA,0.0,0.0,0.0,2023-02-01
BPA000000030007,2024,2,7.0,7,53.75,75710.28571428571,SIN MARCA,0.0,0.0,0.0,2024-02-01
BPA000000030007,2024,3,1.0,1,38.0,55170.0,SIN MARCA,0.0,0.0,0.0,2024-03-01
BPA000000030007,2026,1,1.0,1,38.0,55368.0,SIN MARCA,0.0,0.0,0.0,2026-01-01
BPA000000040001,2024,2,10.0,2,63.24,35805.0,SIN MARCA,1.0,0.0,0.0,2024-02-01
BPA000000040002,2024,3,5.0,1,58.0,55170.0,SIN MARCA,11.0,0.0,0.0,2024-03-01
BPA000000040005,2024,11,8.0,1,42.0,89145.0,SIN MARCA,26.0,0.0,0.0,2024-11-01
BPA000000040005,2025,1,16.0,2,42.0,78334.0,SIN MARCA,26.0,0.0,0.0,2025-01-01
BPA000000040006,2024,1,6.0,1,39.2,224825.0,SIN MARCA,15.0,0.0,0.0,2024-01-01
BPA000000040008,2024,2,9.0,2,36.519999999999996,123786.5,SIN MARCA,0.0,0.0,0.0,2024-02-01
BPA000000060005,2024,8,1.0,1,50.0,138480.0,SIN MARCA,1.0,0.0,0.0,2024-08-01
BPA000000060008,2024,9,10.0,1,33.0,1.0,SIN MARCA,0.0,0.0,0.0,2024-09-01
BPA000000060009,2024,1,2.0,1,49.5,224825.0,SIN MARCA,7.0,0.0,0.0,2024-01-01
BPA000000060009,2024,2,2.0,1,49.0,49654.0,SIN MARCA,7.0,0.0,0.0,2024-02-01
BPA000000060010,2024,8,1.0,1,33.0,41085.0,SIN MARCA,1.0,0.0,0.0,2024-08-01
BPA000000060010,2024,9,1.0,1,33.0,1.0,SIN MARCA,1.0,0.0,0.0,2024-09-01
BPA000000060011,2024,9,1.0,1,3.3,1.0,SIN MARCA,0.0,0.0,0.0,2024-09-01
BPA000000100008,2023,2,1.0,1,2.0,80450.0,SIN MARCA,0.0,0.0,0.0,2023-02-01
BPA000000100008,2024,1,1.0,1,3.51,224825.0,SIN MARCA,0.0,0.0,0.0,2024-01-01
BPA000000100008,2024,2,8.0,8,3.385,55090.625,SIN MARCA,0.0,0.0,0.0,2024-02-01
BPA40012,2025,8,7.0,1,56.66,22138.0,SASH,16.0,0.0,0.0,2025-08-01
BPA40012,2026,1,5.0,1,49.5,124905.0,SASH,16.0,0.0,0.0,2026-01-01
BPA40013,2023,5,4.0,1,49.5,65189.0,SASH,3.0,0.0,0.0,2023-05-01
BPA40013,2024,2,9.0,1,46.66,21000.0,SASH,3.0,0.0,0.0,2024-02-01
BPA40013,2024,8,5.0,1,56.66,76791.0,SASH,3.0,0.0,0.0,2024-08-01
FA-00001,2024,1,1.0,1,41.25,224825.0,SAKURA,0.0,0.0,0.0,2024-01-01
FA-00001,2025,1,1.0,1,35.0,81022.0,SAKURA,0.0,0.0,0.0,2025-01-01
FA-00001,2025,10,1.0,1,43.0,95647.0,SAKURA,0.0,0.0,0.0,2025-10-01
FA-00001,2025,12,1.0,1,45.0,16263.0,SAKURA,0.0,0.0,0.0,2025-12-01
FA-00001,2026,5,1.0,1,45.0,29245.0,SAKURA,0.0,0.0,0.0,2026-05-01
FILTRO01,2024,2,2.0,2,74.375,35453.0,BOSH,0.0,0.0,0.0,2024-02-01
FILTRO01,2025,3,1.0,1,24.75,29948.0,BOSH,0.0,0.0,0.0,2025-03-01
FILTRO02,2024,2,1.0,1,34.0,44296.0,SIN MARCA,0.0,0.0,0.0,2024-02-01
FILTRO02,2024,11,8.0,8,34.0,64388.25,SIN MARCA,0.0,0.0,0.0,2024-11-01
FILTRO02,2024,12,4.0,4,36.75,100690.5,SIN MARCA,0.0,0.0,0.0,2024-12-01
FILTRO02,2025,1,1.0,1,34.0,77729.0,SIN MARCA,0.0,0.0,0.0,2025-01-01
FILTRO02,2025,3,1.0,1,34.0,29948.0,SIN MARCA,0.0,0.0,0.0,2025-03-01
FILTRO02,2025,11,1.0,1,45.0,33553.0,SIN MARCA,0.0,0.0,0.0,2025-11-01
FILTRO02,2026,3,1.0,1,172.5,108785.0,SIN MARCA,0.0,0.0,0.0,2026-03-01
FILTRO03,2024,2,1.0,1,42.0,44296.0,SIN MARCA,0.0,0.0,0.0,2024-02-01
FILTRO03,2025,3,1.0,1,42.0,29948.0,SIN MARCA,0.0,0.0,0.0,2025-03-01
FRENOSBMW118I-A,2024,2,1.0,1,330.5,26610.0,SIN MARCA,1.0,0.0,0.0,2024-02-01
FRENOSBMW318I-A,2024,2,1.0,1,380.0,59712.0,FEBI,0.0,0.0,0.0,2024-02-01
MC,2024,1,2.0,2,60.0,224825.0,SIN MARCA,0.0,0.0,0.0,2024-01-01
MC,2024,2,24.0,24,58.875,78161.54166666667,SIN MARCA,0.0,0.0,0.0,2024-02-01
MC,2024,3,23.0,23,59.97608695652174,63184.391304347824,SIN MARCA,0.0,0.0,0.0,2024-03-01
MC,2024,4,30.0,30,60.0,84168.56666666667,SIN MARCA,0.0,0.0,0.0,2024-04-01
MC,2024,5,13.0,13,60.0,92269.30769230769,SIN MARCA,0.0,0.0,0.0,2024-05-01
MC,2024,6,20.0,20,62.5,88079.65,SIN MARCA,0.0,0.0,0.0,2024-06-01
MC,2024,7,23.0,23,67.82608695652173,87441.73913043478,SIN MARCA,0.0,0.0,0.0,2024-07-01
MC,2024,8,34.0,34,69.85000000000001,73612.61764705883,SIN MARCA,0.0,0.0,0.0,2024-08-01
MC,2024,9,28.0,28,75.0,84256.71428571429,SIN MARCA,0.0,0.0,0.0,2024-09-01
MC,2024,10,27.0,27,76.11925925925925,110932.88888888889,SIN MARCA,0.0,0.0,0.0,2024-10-01
MC,2024,11,23.0,23,75.0,97122.47826086957,SIN MARCA,0.0,0.0,0.0,2024-11-01
MC,2024,12,16.0,16,75.0,85402.1875,SIN MARCA,0.0,0.0,0.0,2024-12-01
MC,2025,1,31.0,31,74.19354838709677,89537.09677419355,SIN MARCA,0.0,0.0,0.0,2025-01-01
MC,2025,2,33.0,33,75.0,92589.9696969697,SIN MARCA,0.0,0.0,0.0,2025-02-01
MC,2025,3,58.0,58,75.00137931034483,105886.1724137931,SIN MARCA,0.0,0.0,0.0,2025-03-01
MC,2025,4,35.0,35,75.0,78423.45714285714,SIN MARCA,0.0,0.0,0.0,2025-04-01
MC,2025,5,40.0,40,75.625,104467.425,SIN MARCA,0.0,0.0,0.0,2025-05-01
MC,2025,6,25.0,25,77.16,96496.24,SIN MARCA,0.0,0.0,0.0,2025-06-01
MC,2025,7,30.0,30,75.45,113169.06666666667,SIN MARCA,0.0,0.0,0.0,2025-07-01
MC,2025,8,30.0,30,75.0,76067.0,SIN MARCA,0.0,0.0,0.0,2025-08-01
MC,2025,9,36.0,36,73.33333333333333,109939.16666666667,SIN MARCA,0.0,0.0,0.0,2025-09-01
MC,2025,10,30.0,30,75.0,93132.36666666667,SIN MARCA,0.0,0.0,0.0,2025-10-01
MC,2025,11,31.0,31,75.0,82691.3870967742,SIN MARCA,0.0,0.0,0.0,2025-11-01
MC,2025,12,32.0,32,75.0,107941.4375,SIN MARCA,0.0,0.0,0.0,2025-12-01
MC,2026,1,40.0,40,75.0,97590.725,SIN MARCA,0.0,0.0,0.0,2026-01-01
MC,2026,2,45.0,45,75.0,97318.11111111111,SIN MARCA,0.0,0.0,0.0,2026-02-01
MC,2026,3,32.0,32,75.0,90935.84375,SIN MARCA,0.0,0.0,0.0,2026-03-01
MC,2026,4,54.0,54,75.0,95417.18518518518,SIN MARCA,0.0,0.0,0.0,2026-04-01
MC,2026,5,29.0,29,75.0,90378.31034482758,SIN MARCA,0.0,0.0,0.0,2026-05-01
MCC,2024,11,8.0,8,53.125,62951.625,SIN MARCA,0.0,0.0,0.0,2024-11-01
MCC,2024,12,5.0,5,50.0,93697.8,SIN MARCA,0.0,0.0,0.0,2024-12-01
MCC,2025,1,2.0,2,50.0,111581.5,SIN MARCA,0.0,0.0,0.0,2025-01-01
MCC,2025,11,1.0,1,50.0,33553.0,SIN MARCA,0.0,0.0,0.0,2025-11-01
P019E7E-01,2024,10,6.0,1,104.03,88883.0,VOLVO,0.0,0.0,0.0,2024-10-01
P019E7E-01,2024,11,5.0,1,104.3,54002.0,VOLVO,0.0,0.0,0.0,2024-11-01
P019E7E-01,2025,8,6.0,1,104.3,58562.0,VOLVO,0.0,0.0,0.0,2025-08-01
RFG00001,2024,2,1.0,1,192.0,45020.0,SIN MARCA,0.0,0.0,0.0,2024-02-01
SENSORBMW001,2024,2,1.0,1,108.0,59712.0,SIN MARCA,0.0,0.0,0.0,2024-02-01
SENSORBMW002,2024,2,1.0,1,113.0,26610.0,SIN MARCA,0.0,0.0,0.0,2024-02-01
SHAMPOO01,2024,1,1.0,1,7.0,224825.0,WURTH,0.0,0.0,0.0,2024-01-01
SHAMPOO01,2024,2,10.0,10,6.15,72034.8,WURTH,0.0,0.0,0.0,2024-02-01
SHAMPOO01,2024,3,1.0,1,5.78,55170.0,WURTH,0.0,0.0,0.0,2024-03-01
